time_step,avg_weight,std_weight,num_strings,kept_norm,total_norm
0,1.0,0.0,1,1.0,1.0
1,1.2040545441240433,0.4035366103691248,16,0.9999999999999998,0.9999999999999998
2,1.454429301079457,0.5004574925726882,60,1.0000000000000004,1.0000000000000004
3,1.461624148677693,0.5021073914413445,81,0.9999999999999999,1.0
4,1.4945891645102303,0.5060775306216706,95,0.9999999999999999,0.9999999999999999
5,1.411357576088514,0.5084811751137628,108,0.9999999999999992,0.9999999999999994
6,1.3876135402258256,0.5068057568439582,115,0.9999999999999999,1.0000000000000002
7,1.232083930241933,0.45490927562132805,131,0.9999999999999992,0.9999999999999999
8,1.0321343076089102,0.2799766423823426,146,0.9999999999999992,0.9999999999999996
9,1.054540932311155,0.31854548269172406,150,0.9999999999999979,0.9999999999999983
10,1.0660683921534169,0.3350801386168061,154,0.9999999999999972,0.9999999999999977
11,1.1210662094171677,0.4000904158079475,166,0.9999999999999959,0.9999999999999962
12,1.2548269301831165,0.49943705081879625,173,0.9999999999999952,0.9999999999999954
13,1.2991291524091737,0.5213074516314006,181,0.9999999999999951,0.9999999999999951
14,1.3332733299150727,0.5357584426657452,181,0.9999999999999962,0.9999999999999962
15,1.5507636834829954,0.5840716877442705,190,0.9999999999999958,0.999999999999996
16,1.5209407999759534,0.5989128528378203,195,0.9999999999999954,0.9999999999999954
17,1.4318679232805969,0.6099647365594174,195,0.9999999999999956,0.9999999999999957
18,1.4174827937133188,0.6124928925339148,197,0.9999999999999947,0.9999999999999948
19,1.1673607418560812,0.5493329292025249,199,0.9999999999999956,0.9999999999999956
20,1.1160170622847376,0.5246741228658507,200,0.9999999999999958,0.9999999999999958
21,1.4842549729592809,0.6347236470460264,198,0.9999999999999962,0.9999999999999964
22,1.5116029308534822,0.6366530378213814,200,0.9999999999999957,0.9999999999999957
23,1.5684025708890679,0.6337588970282684,200,0.9999999999999962,0.9999999999999962
24,1.414097319156092,0.6485057242734755,200,0.9999999999999966,0.9999999999999966
25,1.2781708243417962,0.6299728384387737,200,0.9999999999999964,0.9999999999999964
26,1.2206187398950845,0.6149388317000649,200,0.9999999999999957,0.9999999999999957
27,1.177284178116944,0.6015557933416754,200,0.9999999999999962,0.9999999999999962
28,1.2145085421560249,0.6352135558011047,200,0.9999999999999967,0.9999999999999967
29,1.4871613016664182,0.7140820421524663,200,0.9999999999999977,0.9999999999999977
30,1.635564496146626,0.7687263161780779,199,0.9999999999999971,0.9999999999999971
31,1.5753751656390067,0.7988750931147753,200,0.9999999999999959,0.9999999999999959
32,1.4804955950073424,0.8260525537930363,200,0.9999999999999964,0.9999999999999964
33,1.4381757056746107,0.83944197188012,200,0.9999999999999962,0.9999999999999962
34,1.6996871841140864,0.7651445808311746,200,0.9999999999999969,0.9999999999999969
35,1.5177410417997925,0.7801859217484935,200,0.9999999999999969,0.9999999999999969
36,1.367690510951744,0.7807611487682353,200,0.9999999999999973,0.9999999999999973
37,1.3685063328626261,0.7841088721137823,200,0.9999999999999967,0.9999999999999967
38,1.3438952617310724,0.7848333759646212,200,0.9999999999999977,0.9999999999999977
39,1.3414535093837507,0.7878846910543907,200,0.999999999999996,0.999999999999996
40,1.3187804899031412,0.7977868712573392,200,0.9999999999999961,0.9999999999999961
41,1.3406117008509784,0.8071081944014386,200,0.9999999999999966,0.9999999999999966
42,1.5547259052913194,0.848949655482107,200,0.9999999999999957,0.9999999999999957
43,1.6412114650761471,0.8551342567065586,200,0.9999999999999959,0.9999999999999959
44,1.696215492067269,0.8585111382419537,200,0.9999999999999961,0.9999999999999961
45,1.7630477290876025,0.8621196847208479,200,0.9999999999999962,0.9999999999999962
46,1.85443483641018,0.8813391858011279,200,0.9999999999999959,0.9999999999999959
47,1.8514601080355642,0.9780541904533555,200,0.9999999999999977,0.9999999999999977
48,1.6634976928893166,1.1462664230384336,200,0.9999999999999963,0.9999999999999963
49,1.6454475503104327,1.1773429297892064,200,0.9999999999999966,0.9999999999999966
50,1.7417477631297458,1.1403268405696367,200,0.9999999999999966,0.9999999999999966
51,1.782480759403416,1.1238204822500641,200,0.999999999999996,0.999999999999996
52,1.9180933210045104,0.9507098172518331,200,0.9999999999999971,0.9999999999999971
53,1.7502633496445537,0.9832658517261388,200,0.9999999999999962,0.9999999999999962
54,1.699769854800957,0.9967007034259598,200,0.9999999999999969,0.9999999999999969
55,1.5990528369674584,1.0146975987702849,200,0.9999999999999959,0.9999999999999959
56,1.5575159831153182,1.027542291877909,200,0.9999999999999959,0.9999999999999959
57,1.5804595491877995,1.0337576076164596,200,0.9999999999999958,0.9999999999999958
58,1.6063021759751412,1.0376514593153745,200,0.9999999999999961,0.9999999999999961
59,1.6208644621720611,1.0407326157682815,200,0.9999999999999964,0.9999999999999964
60,1.7411592165954624,1.0406821779874187,200,0.9999999999999971,0.9999999999999971
61,1.8306329582059329,1.0370620215196389,200,0.9999999999999969,0.9999999999999969
62,1.967434622382825,1.0282289329815217,200,0.999999999999996,0.999999999999996
63,2.0262556717585216,1.0293321289247126,200,0.9999999999999958,0.9999999999999958
64,2.072164135152413,1.0342257606871148,200,0.9999999999999962,0.9999999999999962
65,2.1128481892093385,1.0434017861451594,200,0.999999999999995,0.999999999999995
66,2.1852820296363644,1.1472615691733286,200,0.999999999999995,0.999999999999995
67,2.105381969591199,1.3936422095822267,200,0.9999999999999956,0.9999999999999956
68,2.1123335272981594,1.3999918338560302,200,0.9999999999999952,0.9999999999999952
69,2.11565806260423,1.452032110327766,200,0.9999999999999953,0.9999999999999953
70,2.166160946664281,1.4274048133612545,200,0.9999999999999967,0.9999999999999967
71,2.256517152096609,1.3563411807401502,200,0.9999999999999948,0.9999999999999948
72,2.3299520564544838,1.206228501126261,200,0.999999999999996,0.999999999999996
73,2.322412154116544,1.1905030991064838,200,0.9999999999999958,0.9999999999999958
74,2.151688080231476,1.2264126972178664,200,0.9999999999999959,0.9999999999999959
75,2.0275390586509774,1.2712990857989188,200,0.9999999999999967,0.9999999999999967
76,2.023058502232275,1.2835235123759292,200,0.9999999999999963,0.9999999999999963
77,1.9718462289889076,1.303519484043279,200,0.9999999999999976,0.9999999999999976
78,2.024205954169123,1.2944519090123277,200,0.9999999999999968,0.9999999999999968
79,2.107796368441738,1.2754666316234187,200,0.9999999999999968,0.9999999999999968
80,2.131982430859395,1.2740976690396633,200,0.9999999999999977,0.9999999999999977
81,2.258855640003479,1.2424651045572042,200,0.9999999999999966,0.9999999999999966
82,2.4098403739485565,1.224754649134203,200,0.9999999999999978,0.9999999999999978
83,2.4845791304256477,1.2592667272924578,200,0.9999999999999967,0.9999999999999967
84,2.4731711196114765,1.5640133664794091,200,0.9999999999999974,0.9999999999999974
85,2.51610328998071,1.5564163286421386,200,0.999999999999997,0.999999999999997
86,2.589161339226449,1.4343689298318947,200,0.9999999999999979,0.9999999999999979
87,2.592168305588244,1.331671405634599,200,0.9999999999999964,0.9999999999999964
88,2.465390855182759,1.3340167879425264,200,0.999999999999998,0.999999999999998
89,2.460330628241474,1.341296850391955,200,0.999999999999997,0.999999999999997
90,2.3313350405652846,1.3947922876964491,200,0.9999999999999974,0.9999999999999974
91,2.2394241931835412,1.436677192576326,200,0.9999999999999971,0.9999999999999971
92,2.3125256688696805,1.4160432478768352,200,0.9999999999999963,0.9999999999999963
93,2.5342751849089415,1.3475023315761365,200,0.9999999999999982,0.9999999999999982
94,2.5941530549918923,1.3433380052734754,200,0.999999999999997,0.999999999999997
95,2.6201989329708137,1.3467740264152017,200,0.9999999999999972,0.9999999999999972
96,2.679436167351659,1.364278140443106,200,0.9999999999999982,0.9999999999999982
97,2.705230324643363,1.3819937719640076,200,0.9999999999999973,0.9999999999999973
98,2.739598577043099,1.5500334767744448,200,0.9999999999999974,0.9999999999999974
99,2.74147547649177,1.6273007688552186,200,0.9999999999999976,0.9999999999999976
100,2.75133778729238,1.641699581538032,200,0.999999999999998,0.999999999999998
101,2.7619402571524225,1.657752143856441,200,0.999999999999998,0.999999999999998
102,2.955248825186446,1.5425323228219683,200,0.9999999999999983,0.9999999999999983
103,2.959318705450202,1.5382801275077524,200,0.9999999999999978,0.9999999999999978
104,2.769833299621262,1.626648178327791,200,0.9999999999999989,0.9999999999999989
105,2.743447745480757,1.6478917989890574,200,0.9999999999999982,0.9999999999999982
106,2.6494731204103763,1.6864383130689735,200,0.9999999999999982,0.9999999999999982
107,2.6676027519328587,1.6672110496544312,200,0.9999999999999984,0.9999999999999984
108,2.7610021479225346,1.5960714892589951,200,0.9999999999999991,0.9999999999999991
109,2.96729974854287,1.5625271520465656,200,0.9999999999999981,0.9999999999999981
110,2.9778975609649674,1.6144663635353989,200,0.9999999999999988,0.9999999999999988
111,2.983077396439728,1.6664621651013771,200,0.9999999999999983,0.9999999999999983
112,2.9866301545227563,1.7571075534011722,200,0.9999999999999981,0.9999999999999981
113,3.0361306301050357,1.7804095422800088,200,0.9999999999999984,0.9999999999999984
114,3.0603098545201535,1.7875305048232566,200,0.9999999999999996,0.9999999999999996
115,3.1603408303230527,1.7078303863643802,200,0.9999999999999984,0.9999999999999984
116,3.1853023625724313,1.6894062303427766,200,0.9999999999999986,0.9999999999999986
117,3.196529245915424,1.677709201813738,200,0.9999999999999984,0.9999999999999984
118,3.1925038040915363,1.688666003089337,200,0.9999999999999988,0.9999999999999988
119,3.132283135636042,1.7494233136542134,200,1.0,1.0
120,3.072141083631113,1.8109438858682168,200,0.9999999999999991,0.9999999999999991
121,3.041571795610462,1.8457840568820265,200,0.9999999999999991,0.9999999999999991
122,3.030229362550616,1.8647724982319864,200,0.9999999999999993,0.9999999999999993
123,3.018922634488843,1.8827306208375225,200,0.9999999999999991,0.9999999999999991
124,3.0216775560053497,1.8909069384419983,200,0.9999999999999991,0.9999999999999991
125,3.02550585313122,1.8978854620249932,200,0.9999999999999988,0.9999999999999988
126,3.0732030893823747,1.867717333196339,200,1.0000000000000002,1.0000000000000002
127,3.1127517351427976,1.847373511234096,200,0.9999999999999993,0.9999999999999993
128,3.131077828839834,1.844446460043831,200,1.000000000000001,1.000000000000001
129,3.158412578322602,1.834907635539617,200,0.9999999999999992,0.9999999999999992
130,3.207767700047515,1.8109824448254073,200,0.9999999999999996,0.9999999999999996
131,3.277458628484513,1.7860529611191656,200,0.9999999999999992,0.9999999999999992
132,3.307681139070397,1.792231432256008,200,0.9999999999999999,0.9999999999999999
133,3.3258319458379324,1.8054405998017802,200,0.9999999999999984,0.9999999999999984
134,3.3377860130229924,1.8168900339328853,200,0.9999999999999988,0.9999999999999988
135,3.3389662122830064,1.9604684948143014,200,0.9999999999999992,0.9999999999999992
136,3.3452255474492723,1.9963246525242273,200,1.0000000000000004,1.0000000000000004
137,3.355115063929487,2.0235196904328996,200,0.9999999999999999,0.9999999999999999
138,3.43612132900198,2.0396063796073483,200,1.0000000000000002,1.0000000000000002
139,3.458627423220963,2.035113620420002,200,1.0000000000000002,1.0000000000000002
140,3.493839848550542,2.018986915515456,200,0.9999999999999998,0.9999999999999998
141,3.564627629238184,1.9568561525119808,200,1.0000000000000004,1.0000000000000004
142,3.5718812129795214,1.9617435387679034,200,1.0000000000000002,1.0000000000000002
143,3.5651798618717594,1.9763302024349647,200,1.0000000000000002,1.0000000000000002
144,3.547426313094667,2.0029996596393875,200,1.0000000000000004,1.0000000000000004
145,3.4605777257989825,2.088015090916314,200,1.0000000000000002,1.0000000000000002
146,3.4182559384320204,2.1081862481141034,200,1.0000000000000002,1.0000000000000002
147,3.4282780132136086,2.108870077589073,200,1.0000000000000016,1.0000000000000016
148,3.4764519699908254,2.0651388419553682,200,1.000000000000001,1.000000000000001
149,3.5816067726761993,1.9963767019460914,200,1.0000000000000009,1.0000000000000009
150,3.5905977970552234,2.0091544338206675,200,1.0000000000000004,1.0000000000000004
151,3.5444944515912478,2.170078523699005,200,1.0000000000000009,1.0000000000000009
152,3.5956449165566196,2.205264124188712,200,0.9999999999999997,0.9999999999999997
153,3.624107467476776,2.1953563394599214,200,1.0000000000000004,1.0000000000000004
154,3.7203301871222796,2.117601717122885,200,1.0000000000000009,1.0000000000000009
155,3.742212520208547,2.1078426083032014,200,1.000000000000001,1.000000000000001
156,3.752529855965291,2.1104150123492627,200,1.000000000000001,1.000000000000001
157,3.7648933193343668,2.111487962451147,200,1.000000000000002,1.000000000000002
158,3.790946710161934,2.168199950774088,200,1.0000000000000018,1.0000000000000018
159,3.7782051802280088,2.2097008179564765,200,1.0000000000000013,1.0000000000000013
160,3.7554650052551053,2.2702639052760674,200,1.0000000000000018,1.0000000000000018
161,3.7418895871694176,2.3269664362419515,200,1.0000000000000013,1.0000000000000013
162,3.7470968093771155,2.3366382442371916,200,1.0000000000000024,1.0000000000000024
163,3.7524647944109595,2.3478193031989822,200,1.000000000000002,1.000000000000002
164,3.7663052292051056,2.364878860337557,200,1.000000000000002,1.000000000000002
165,3.891675100116394,2.3097828661982165,200,1.0000000000000018,1.0000000000000018
166,3.963132568062923,2.2993099582476115,200,1.0000000000000016,1.0000000000000016
167,3.975133873147954,2.334032258278662,200,1.0000000000000027,1.0000000000000027
168,3.9787681437662,2.347155075389789,200,1.000000000000003,1.000000000000003
169,3.8582897875726583,2.5409293940165227,200,1.0000000000000024,1.0000000000000024
170,3.8729228576586032,2.529790333151661,200,1.0000000000000029,1.0000000000000029
171,3.929828717769577,2.458701687368229,200,1.0000000000000036,1.0000000000000036
172,4.008724027094646,2.3551026622383144,200,1.000000000000003,1.000000000000003
173,4.020494199203538,2.3538593260452534,200,1.0000000000000029,1.0000000000000029
174,4.02652300229748,2.3723669802177616,200,1.0000000000000036,1.0000000000000036
175,4.025328912708925,2.3939151794090723,200,1.0000000000000024,1.0000000000000024
176,4.004746319370158,2.5038370640660523,200,1.0000000000000027,1.0000000000000027
177,4.015411277755262,2.50955860187981,200,1.0000000000000038,1.0000000000000038
178,4.077087504112319,2.4804520489561397,200,1.0000000000000038,1.0000000000000038
179,4.122086199936405,2.456245136349108,200,1.0000000000000024,1.0000000000000024
180,4.144138579925011,2.4496809603827203,200,1.0000000000000027,1.0000000000000027
181,4.182684615075831,2.4452093907580124,200,1.000000000000004,1.000000000000004
182,4.155954957845869,2.5434398320381453,200,1.0000000000000036,1.0000000000000036
183,4.161382681701543,2.5684517193052665,200,1.0000000000000033,1.0000000000000033
184,4.16409825766528,2.581273543162316,200,1.0000000000000042,1.0000000000000042
185,4.0886451685615395,2.7231694643550752,200,1.0000000000000024,1.0000000000000024
186,4.099575538511984,2.724439161636029,200,1.0000000000000033,1.0000000000000033
187,4.117844506768719,2.715049595640561,200,1.000000000000004,1.000000000000004
188,4.130528978175557,2.7135822158326044,200,1.0000000000000042,1.0000000000000042
189,4.192831899325766,2.6423523897996857,200,1.0000000000000033,1.0000000000000033
190,4.268844948183853,2.5571675509958007,200,1.0000000000000038,1.0000000000000038
191,4.331300948927167,2.523678798164641,200,1.0000000000000042,1.0000000000000042
192,4.314271824045324,2.662360482704572,200,1.000000000000004,1.000000000000004
193,4.343829011706905,2.633899048467293,200,1.000000000000004,1.000000000000004
194,4.389004738765366,2.567174621828428,200,1.0000000000000042,1.0000000000000042
195,4.399050422687068,2.562462171981609,200,1.0000000000000044,1.0000000000000044
196,4.382568801252936,2.5995887686206305,200,1.0000000000000044,1.0000000000000044
197,4.337492571732993,2.691327572775902,200,1.0000000000000053,1.0000000000000053
198,4.333673405367318,2.714201243913709,200,1.0000000000000047,1.0000000000000047
199,4.297593771575139,2.7931605708934533,200,1.000000000000004,1.000000000000004
200,4.293481504664981,2.8193761920416733,200,1.0000000000000044,1.0000000000000044
201,4.292661347240969,2.842548310617647,200,1.000000000000004,1.000000000000004
202,4.376692866977065,2.763080780902556,200,1.000000000000004,1.000000000000004
203,4.521059467019,2.6362069940939516,200,1.0000000000000036,1.0000000000000036
204,4.547378151401778,2.6840702710937654,200,1.0000000000000047,1.0000000000000047
205,4.549599861470838,2.7239271464931747,200,1.0000000000000038,1.0000000000000038
206,4.553567209198368,2.744890324620447,200,1.0000000000000038,1.0000000000000038
207,4.555881092277301,2.771522559068059,200,1.0000000000000042,1.0000000000000042
208,4.562841526020232,2.779246582820606,200,1.0000000000000049,1.0000000000000049
209,4.5808472929834325,2.7460631201808248,200,1.000000000000004,1.000000000000004
210,4.59311066811409,2.73113496589138,200,1.0000000000000038,1.0000000000000038
211,4.605819540038601,2.712352930898385,200,1.000000000000005,1.000000000000005
212,4.621738312019536,2.6729666163542247,200,1.0000000000000042,1.0000000000000042
213,4.6085717448299,2.7143521332557596,200,1.0000000000000044,1.0000000000000044
214,4.612207084596221,2.7240764466377376,200,1.0000000000000049,1.0000000000000049
215,4.617369334657267,2.730139155591614,200,1.0000000000000042,1.0000000000000042
216,4.611049487797506,2.76991690460384,200,1.0000000000000044,1.0000000000000044
217,4.607705020522259,2.804043801818683,200,1.0000000000000042,1.0000000000000042
218,4.592646274807672,2.8827845905825926,200,1.0000000000000049,1.0000000000000049
219,4.5904782850684365,2.924839045103702,200,1.0000000000000053,1.0000000000000053
220,4.594513993958422,2.945296230876861,200,1.0000000000000056,1.0000000000000056
221,4.5992826480056,2.9669749666756493,200,1.000000000000005,1.000000000000005
222,4.605924471890628,2.9798976945644853,200,1.000000000000006,1.000000000000006
223,4.613033204244257,2.986840945933455,200,1.000000000000005,1.000000000000005
224,4.628305344198466,3.0083582822826638,200,1.0000000000000056,1.0000000000000056
225,4.637489039935265,3.012288532267457,200,1.0000000000000056,1.0000000000000056
226,4.658954829818271,3.0058419858460437,200,1.000000000000005,1.000000000000005
227,4.678218747774762,2.995626175429485,200,1.0000000000000049,1.0000000000000049
228,4.785808915860868,2.8769455555938963,200,1.0000000000000056,1.0000000000000056
229,4.803760288564588,2.8651762524937476,200,1.000000000000006,1.000000000000006
230,4.836776093089902,2.8439909906336958,200,1.000000000000005,1.000000000000005
231,4.8895790678634725,2.837772481599098,200,1.0000000000000062,1.0000000000000062
232,4.897105976432917,2.839159796493783,200,1.0000000000000047,1.0000000000000047
233,4.908898211907135,2.8438988591481165,200,1.0000000000000056,1.0000000000000056
234,4.960078944909858,2.9647579662588748,200,1.0000000000000053,1.0000000000000053
235,4.955172675444479,2.9512676192639176,200,1.000000000000006,1.000000000000006
236,4.8481550088631895,2.900305610928311,200,1.0000000000000062,1.0000000000000062
237,4.799884942728157,3.065092345450717,200,1.0000000000000062,1.0000000000000062
238,4.803232850304996,3.0777873422775808,200,1.0000000000000062,1.0000000000000062
239,4.836764821220118,3.0090356331519974,200,1.0000000000000058,1.0000000000000058
240,4.893586487318296,2.9101516730897803,200,1.000000000000006,1.000000000000006
241,4.93312138588036,2.8755995623496275,200,1.0000000000000062,1.0000000000000062
242,5.011087053774039,2.9155567818625507,200,1.0000000000000062,1.0000000000000062
243,5.050341503859226,2.9994699642082576,200,1.0000000000000067,1.0000000000000067
244,5.059967038366781,3.006973986332777,200,1.0000000000000062,1.0000000000000062
245,5.0711345094395535,3.019872091258212,200,1.0000000000000064,1.0000000000000064
246,5.084746936163472,3.042003036004066,200,1.0000000000000064,1.0000000000000064
247,5.092287929001353,3.03416163771131,200,1.0000000000000062,1.0000000000000062
248,5.072297330550445,2.91328085788773,200,1.0000000000000067,1.0000000000000067
249,5.072867854190294,2.8992552365502604,200,1.0000000000000062,1.0000000000000062
250,5.071290248679569,2.885504335500478,200,1.000000000000006,1.000000000000006
251,5.072420464318798,2.8809180735441258,200,1.000000000000006,1.000000000000006
252,5.068483551226583,2.884883639796656,200,1.0000000000000064,1.0000000000000064
253,5.058522647034399,3.0566894596970444,200,1.0000000000000067,1.0000000000000067
254,5.063063693768566,3.107454041055326,200,1.000000000000007,1.000000000000007
255,5.067185436210324,3.1085540153425093,200,1.0000000000000073,1.0000000000000073
256,5.142501498623501,2.9504837210414205,200,1.0000000000000062,1.0000000000000062
257,5.159188902690436,2.9752225951610902,200,1.0000000000000064,1.0000000000000064
258,5.198823415193429,3.100123873361721,200,1.0000000000000069,1.0000000000000069
259,5.193827659030174,3.0709491717116304,200,1.0000000000000067,1.0000000000000067
260,5.180162972574374,3.000294006516221,200,1.0000000000000067,1.0000000000000067
261,5.181762227460387,2.983743741807358,200,1.0000000000000075,1.0000000000000075
262,5.176056317045452,2.9424486747561427,200,1.0000000000000069,1.0000000000000069
263,5.169475248181142,2.908716386719721,200,1.0000000000000067,1.0000000000000067
264,5.174845624834199,2.921958939841148,200,1.0000000000000073,1.0000000000000073
265,5.179311342519924,2.9271756073501662,200,1.0000000000000073,1.0000000000000073
266,5.191931942570683,2.9702291879551512,200,1.0000000000000082,1.0000000000000082
267,5.196393320745482,2.976030800876363,200,1.000000000000008,1.000000000000008
268,5.2105774662828255,3.019718983469281,200,1.0000000000000078,1.0000000000000078
269,5.235607915491215,3.0969537820545847,200,1.0000000000000078,1.0000000000000078
270,5.2689040063886505,3.1545999209519393,200,1.0000000000000075,1.0000000000000075
271,5.271417009819677,3.1285681459411285,200,1.000000000000008,1.000000000000008
272,5.268081962713362,3.055542093715163,200,1.0000000000000084,1.0000000000000084
273,5.287541133901362,3.009555858718734,200,1.0000000000000084,1.0000000000000084
274,5.311235341653177,3.074578243794135,200,1.000000000000008,1.000000000000008
275,5.329492161095951,3.135871615324369,200,1.0000000000000084,1.0000000000000084
276,5.335960292875784,3.1385150561084934,200,1.000000000000009,1.000000000000009
277,5.343125401694383,3.1684346751076586,200,1.0000000000000089,1.0000000000000089
278,5.278533521561968,2.9964008638801922,200,1.000000000000008,1.000000000000008
279,5.275146883690081,2.9465710984223383,200,1.000000000000009,1.000000000000009
280,5.278994514402138,2.9459917546242442,200,1.0000000000000078,1.0000000000000078
281,5.334562306147589,3.0380994571234714,200,1.000000000000009,1.000000000000009
282,5.393396329036539,3.153163503201732,200,1.0000000000000084,1.0000000000000084
283,5.4085713633498225,3.174221474182798,200,1.0000000000000093,1.0000000000000093
284,5.411282439992423,3.1727587385995504,200,1.0000000000000093,1.0000000000000093
285,5.36201621144252,3.01210727508617,200,1.00000000000001,1.00000000000001
286,5.367025848977175,3.042320403521454,200,1.0000000000000098,1.0000000000000098
287,5.38000203792784,3.0834566136829022,200,1.0000000000000093,1.0000000000000093
288,5.400205616976298,3.156196484256683,200,1.0000000000000098,1.0000000000000098
289,5.400443540973342,3.1958595935018272,200,1.0000000000000102,1.0000000000000102
290,5.39767424561197,3.180639626433475,200,1.0000000000000095,1.0000000000000095
291,5.388178890473854,3.1466521471291546,200,1.0000000000000093,1.0000000000000093
292,5.358499384859023,3.037795089760107,200,1.0000000000000098,1.0000000000000098
293,5.356365028619264,2.9779314873795433,200,1.0000000000000089,1.0000000000000089
294,5.389941799995026,2.980380722229171,200,1.00000000000001,1.00000000000001
295,5.404738046580703,2.99321622555935,200,1.0000000000000095,1.0000000000000095
296,5.441858302198035,3.0360933982880907,200,1.0000000000000095,1.0000000000000095
297,5.459746820646066,3.0579087240840965,200,1.000000000000009,1.000000000000009
298,5.518957313987445,3.1357733449196155,200,1.0000000000000098,1.0000000000000098
299,5.535369206371046,3.15628603029662,200,1.0000000000000098,1.0000000000000098
300,5.544454552476564,3.1475754643292198,200,1.0000000000000093,1.0000000000000093
301,5.467447341272463,3.0194686861129822,200,1.000000000000011,1.000000000000011
302,5.447601130564539,3.032033486016804,200,1.0000000000000093,1.0000000000000093
303,5.450490580249692,3.043438224995224,200,1.0000000000000095,1.0000000000000095
304,5.466063535276346,3.1158672001982866,200,1.0000000000000098,1.0000000000000098
305,5.471847063814566,3.1282432092142805,200,1.0000000000000107,1.0000000000000107
306,5.494339089305187,3.225768875309443,200,1.0000000000000109,1.0000000000000109
307,5.437470905355438,3.065864028339973,200,1.0000000000000102,1.0000000000000102
308,5.437602925892847,3.0298096618411385,200,1.0000000000000107,1.0000000000000107
309,5.441955371409769,3.0137756207986395,200,1.0000000000000104,1.0000000000000104
310,5.445873499993568,3.007895480654094,200,1.0000000000000104,1.0000000000000104
311,5.456889624666982,2.9954595349413258,200,1.0000000000000098,1.0000000000000098
312,5.480274855265824,2.993645610982734,200,1.0000000000000104,1.0000000000000104
313,5.505131766804038,3.002491982063567,200,1.0000000000000095,1.0000000000000095
314,5.538334029181116,3.0246097819964044,200,1.0000000000000093,1.0000000000000093
315,5.617908673342397,3.0966317778005052,200,1.0000000000000102,1.0000000000000102
316,5.652495957174638,3.130032080634621,200,1.00000000000001,1.00000000000001
317,5.667101820643595,3.1433392089437193,200,1.0000000000000098,1.0000000000000098
318,5.6719230067175745,3.147153493686189,200,1.0000000000000095,1.0000000000000095
319,5.663844207461098,3.1227454865008095,200,1.0000000000000107,1.0000000000000107
320,5.650713355333842,3.1040326154782796,200,1.0000000000000093,1.0000000000000093
321,5.634899093953646,3.0825293345407037,200,1.0000000000000107,1.0000000000000107
322,5.57515196780047,3.0128283034020864,200,1.0000000000000104,1.0000000000000104
323,5.572662227936394,3.008345022097528,200,1.00000000000001,1.00000000000001
324,5.551941629550452,2.989045415069449,200,1.0000000000000109,1.0000000000000109
325,5.537450908384348,2.979689963237209,200,1.0000000000000102,1.0000000000000102
326,5.518383625848832,3.001283925712686,200,1.0000000000000109,1.0000000000000109
327,5.542921387066823,3.1475512447669116,200,1.0000000000000104,1.0000000000000104
328,5.545708648018704,3.206127279677653,200,1.0000000000000107,1.0000000000000107
329,5.541924598285528,3.195503973758109,200,1.0000000000000107,1.0000000000000107
330,5.523759316654939,2.994986554625141,200,1.0000000000000104,1.0000000000000104
331,5.550403473947382,2.999449604977857,200,1.0000000000000102,1.0000000000000102
332,5.558831667458293,3.0017529247065147,200,1.000000000000011,1.000000000000011
333,5.564231681423758,3.002967528060173,200,1.0000000000000113,1.0000000000000113
334,5.659882864453239,3.0707282321825202,200,1.0000000000000118,1.0000000000000118
335,5.675763820803296,3.0826868404891834,200,1.0000000000000109,1.0000000000000109
336,5.710161543363929,3.1109200554378362,200,1.000000000000012,1.000000000000012
337,5.725930921445148,3.122492013698915,200,1.000000000000012,1.000000000000012
338,5.737330459404823,3.1271571583295388,200,1.0000000000000115,1.0000000000000115
339,5.594890601600202,2.9642218499561026,200,1.000000000000012,1.000000000000012
340,5.552041117203291,2.957274283271569,200,1.000000000000012,1.000000000000012
341,5.549586087482688,2.9685573151065037,200,1.000000000000011,1.000000000000011
342,5.54976313921338,2.978078390817707,200,1.000000000000011,1.000000000000011
343,5.565032180939491,3.071571535267763,200,1.0000000000000113,1.0000000000000113
344,5.57637256711475,3.118435446215402,200,1.0000000000000118,1.0000000000000118
345,5.577395363473618,3.1191663911479344,200,1.000000000000012,1.000000000000012
346,5.582433920792035,3.1412943132509343,200,1.0000000000000124,1.0000000000000124
347,5.582889505668672,3.141090933717797,200,1.000000000000012,1.000000000000012
348,5.572976207290683,3.1451767861907975,200,1.0000000000000122,1.0000000000000122
349,5.545126856940389,3.052806205853814,200,1.0000000000000127,1.0000000000000127
350,5.668981371204781,3.0211086626905446,200,1.0000000000000129,1.0000000000000129
351,5.688725011763189,3.034138975550645,200,1.0000000000000115,1.0000000000000115
352,5.7575895872971925,3.0880479240517884,200,1.0000000000000122,1.0000000000000122
353,5.706845071493157,3.0181417758281155,200,1.0000000000000124,1.0000000000000124
354,5.691048814653559,2.998127882938773,200,1.000000000000012,1.000000000000012
355,5.582066596491485,3.0529743200826496,200,1.0000000000000129,1.0000000000000129
356,5.586979593364667,3.0737356626286725,200,1.0000000000000133,1.0000000000000133
357,5.595526690456711,3.1173715347333433,200,1.0000000000000124,1.0000000000000124
358,5.591886273026326,3.122134576838065,200,1.0000000000000122,1.0000000000000122
359,5.590586820533071,3.119195597923806,200,1.0000000000000122,1.0000000000000122
360,5.5819362923380975,3.100848845035362,200,1.0000000000000127,1.0000000000000127
361,5.577950801831472,3.0898081640388293,200,1.0000000000000127,1.0000000000000127
362,5.563891789273383,3.029913068460991,200,1.0000000000000124,1.0000000000000124
363,5.578457493059591,2.962101989469711,200,1.000000000000013,1.000000000000013
364,5.6695121838286955,2.9897938717195505,200,1.000000000000013,1.000000000000013
365,5.726895267439298,3.033208924611922,200,1.0000000000000133,1.0000000000000133
366,5.734800152217087,3.027245930285242,200,1.0000000000000138,1.0000000000000138
367,5.754219313858127,3.040188322580956,200,1.000000000000013,1.000000000000013
368,5.759897549445556,3.03752708542617,200,1.0000000000000138,1.0000000000000138
369,5.724411463441054,2.9771037346510636,200,1.000000000000013,1.000000000000013
370,5.628801309886528,2.8625935277203083,200,1.0000000000000142,1.0000000000000142
371,5.589135931748385,2.846647356361573,200,1.0000000000000147,1.0000000000000147
372,5.58807181090693,2.850184923485667,200,1.000000000000015,1.000000000000015
373,5.616385556838601,2.995807451848548,200,1.0000000000000138,1.0000000000000138
374,5.615994286076399,2.9987940621640434,200,1.000000000000015,1.000000000000015
375,5.618141373359073,3.022615487267651,200,1.0000000000000142,1.0000000000000142
376,5.615049838067733,3.018259556521577,200,1.0000000000000142,1.0000000000000142
377,5.600616279727149,2.9496385027695644,200,1.0000000000000144,1.0000000000000144
378,5.60504075183754,2.9313449860511285,200,1.0000000000000142,1.0000000000000142
379,5.613275503771465,2.924728960213507,200,1.0000000000000144,1.0000000000000144
380,5.628866115755503,2.92495012654694,200,1.0000000000000149,1.0000000000000149
381,5.647197065802055,2.9330420877551413,200,1.000000000000015,1.000000000000015
382,5.733366978653477,3.0045996262683543,200,1.0000000000000144,1.0000000000000144
383,5.705068546401039,2.9557964943423958,200,1.0000000000000144,1.0000000000000144
384,5.58317661384275,2.8117509324869965,200,1.0000000000000149,1.0000000000000149
385,5.583111678152571,2.8598875064058964,200,1.000000000000015,1.000000000000015
386,5.591926396602178,2.9031503089824997,200,1.0000000000000142,1.0000000000000142
387,5.612054593239406,2.9833568116935334,200,1.0000000000000144,1.0000000000000144
388,5.606692076093223,2.9573786971679055,200,1.0000000000000147,1.0000000000000147
389,5.609378856705802,2.920641315347366,200,1.000000000000015,1.000000000000015
390,5.615650299825582,2.9151156524823447,200,1.000000000000015,1.000000000000015
391,5.696052071793198,2.9746577679604473,200,1.000000000000015,1.000000000000015
392,5.709611606894905,2.9893163278492487,200,1.0000000000000155,1.0000000000000155
393,5.709347499272301,2.987477511999882,200,1.000000000000015,1.000000000000015
394,5.69618497876241,2.964958034953199,200,1.000000000000015,1.000000000000015
395,5.694869012792475,2.961600977214799,200,1.0000000000000158,1.0000000000000158
396,5.608161968306733,2.8246123886740824,200,1.0000000000000155,1.0000000000000155
397,5.5851313610956765,2.797081704411094,200,1.0000000000000155,1.0000000000000155
398,5.576230019936854,2.835461526610181,200,1.000000000000015,1.000000000000015
399,5.609814921989429,2.9600684713997127,200,1.0000000000000162,1.0000000000000162
400,5.610760093411629,2.963754653677706,200,1.0000000000000153,1.0000000000000153
401,5.609225082552152,2.9511685803779795,200,1.000000000000017,1.000000000000017
402,5.61546655751985,2.896406778311414,200,1.0000000000000158,1.0000000000000158
403,5.654218502222068,2.93050318243602,200,1.0000000000000158,1.0000000000000158
404,5.625949988888407,2.878063520613966,200,1.0000000000000158,1.0000000000000158
405,5.60082961835282,2.832798938289563,200,1.0000000000000164,1.0000000000000164
406,5.5655888259032205,2.792598683742612,200,1.0000000000000162,1.0000000000000162
407,5.593483737609918,2.9399543775291788,200,1.0000000000000169,1.0000000000000169
408,5.599992915609321,2.9536267464992845,200,1.000000000000017,1.000000000000017
409,5.598004792721139,2.953210440391558,200,1.000000000000016,1.000000000000016
410,5.5998835167589505,2.9141563140837308,200,1.0000000000000164,1.0000000000000164
411,5.60243077970643,2.8896770691687386,200,1.0000000000000162,1.0000000000000162
412,5.609382904018977,2.8859544826879704,200,1.0000000000000169,1.0000000000000169
413,5.613495774123869,2.892097603328067,200,1.0000000000000169,1.0000000000000169
414,5.625920130221131,2.9187306023768493,200,1.0000000000000169,1.0000000000000169
415,5.631184182725928,2.9361871141531757,200,1.0000000000000178,1.0000000000000178
416,5.636924506291487,2.9641852635678063,200,1.000000000000017,1.000000000000017
417,5.635872362636139,2.9681264360536743,200,1.000000000000017,1.000000000000017
418,5.6154573559051695,2.9365716185194017,200,1.0000000000000175,1.0000000000000175
419,5.572772975530157,2.8406242051690413,200,1.0000000000000173,1.0000000000000173
420,5.561128870107485,2.8171471628922093,200,1.0000000000000169,1.0000000000000169
421,5.557679553003771,2.8120867506325498,200,1.000000000000017,1.000000000000017
422,5.562769601218397,2.9371277173689734,200,1.000000000000017,1.000000000000017
423,5.609841539946044,2.91295261970688,200,1.0000000000000173,1.0000000000000173
424,5.610248454122339,2.920227659813485,200,1.0000000000000182,1.0000000000000182
425,5.611552905212877,2.9331698417688874,200,1.0000000000000178,1.0000000000000178
426,5.612027295261953,2.943592049607977,200,1.000000000000018,1.000000000000018
427,5.612749018232507,2.9640998890004524,200,1.0000000000000187,1.0000000000000187
428,5.611357053365406,2.9679768098527175,200,1.0000000000000178,1.0000000000000178
429,5.558012829734555,2.847775084921185,200,1.0000000000000175,1.0000000000000175
430,5.521724271994037,2.815834192099579,200,1.0000000000000178,1.0000000000000178
431,5.518543294261351,2.865831237807458,200,1.0000000000000175,1.0000000000000175
432,5.521606566656588,2.9061420161420393,200,1.0000000000000169,1.0000000000000169
433,5.528267395041844,2.9434860604783872,200,1.0000000000000182,1.0000000000000182
434,5.5280261324559365,2.9500657783161532,200,1.0000000000000182,1.0000000000000182
435,5.53904017488067,2.9686479100791026,200,1.0000000000000182,1.0000000000000182
436,5.538094934475547,2.9695606821623732,200,1.0000000000000193,1.0000000000000193
437,5.566406407615196,2.8830271336397115,200,1.0000000000000182,1.0000000000000182
438,5.566218249667087,2.877073206815078,200,1.0000000000000187,1.0000000000000187
439,5.564406932407268,2.8861243291960585,200,1.0000000000000184,1.0000000000000184
440,5.562365261790124,2.896165180835658,200,1.000000000000019,1.000000000000019
441,5.559086414549365,2.9175156402503934,200,1.0000000000000193,1.0000000000000193
442,5.555889619342078,2.9352148797778668,200,1.000000000000019,1.000000000000019
443,5.552678722001156,2.950191977289597,200,1.0000000000000184,1.0000000000000184
444,5.547501419914864,2.971414021527706,200,1.000000000000018,1.000000000000018
445,5.544802662449381,2.9757565643317756,200,1.0000000000000187,1.0000000000000187
446,5.542137014757076,2.9787213070661136,200,1.0000000000000195,1.0000000000000195
447,5.523945620280712,2.9215272655148596,200,1.0000000000000193,1.0000000000000193
448,5.506252663588615,2.8683961430994858,200,1.000000000000019,1.000000000000019
449,5.503150183308765,2.8653834245007603,200,1.0000000000000189,1.0000000000000189
450,5.467618214118122,2.8967729914987133,200,1.0000000000000198,1.0000000000000198
451,5.462358456069204,2.9376195082675705,200,1.000000000000019,1.000000000000019
452,5.461685941549339,2.977330700435914,200,1.0000000000000193,1.0000000000000193
453,5.529074954206002,2.894914627592686,200,1.0000000000000193,1.0000000000000193
454,5.527925338383778,2.8924608942929018,200,1.000000000000019,1.000000000000019
455,5.52535786369404,2.889958491922716,200,1.00000000000002,1.00000000000002
456,5.521295910871309,2.898358820828056,200,1.0000000000000193,1.0000000000000193
457,5.502380873673414,2.9863030034406655,200,1.0000000000000204,1.0000000000000204
458,5.499419331492761,2.988356004366847,200,1.0000000000000202,1.0000000000000202
459,5.4959861538881025,2.96030791766091,200,1.0000000000000204,1.0000000000000204
460,5.489612530401559,2.9232158169823177,200,1.0000000000000204,1.0000000000000204
461,5.486751740289017,2.9167593791258914,200,1.0000000000000204,1.0000000000000204
462,5.4848465761295095,2.9150615233318544,200,1.0000000000000202,1.0000000000000202
463,5.479306966150123,2.905511377095397,200,1.0000000000000198,1.0000000000000198
464,5.4580761123454655,2.8992462325220507,200,1.0000000000000207,1.0000000000000207
465,5.45232496408544,2.9053233116837447,200,1.0000000000000202,1.0000000000000202
466,5.433071353369542,2.9337658088198713,200,1.0000000000000207,1.0000000000000207
467,5.41550353604001,2.976357959160455,200,1.0000000000000207,1.0000000000000207
468,5.401536589305741,3.041963188886039,200,1.0000000000000204,1.0000000000000204
469,5.402213317883346,3.063520469471149,200,1.000000000000021,1.000000000000021
470,5.408057618695048,3.068403874308979,200,1.0000000000000218,1.0000000000000218
471,5.426971738521493,3.04360885404009,200,1.000000000000021,1.000000000000021
472,5.442921040515244,3.003623514288684,200,1.000000000000021,1.000000000000021
473,5.454651887076974,2.8971161217022408,200,1.0000000000000215,1.0000000000000215
474,5.450570345974555,2.9019199732787686,200,1.000000000000021,1.000000000000021
475,5.440220474270973,2.9216544646438525,200,1.000000000000022,1.000000000000022
476,5.423584374806845,2.993096171109945,200,1.0000000000000213,1.0000000000000213
477,5.423470220752064,3.0088612523984333,200,1.0000000000000218,1.0000000000000218
478,5.427121146727647,3.013774962915547,200,1.0000000000000213,1.0000000000000213
479,5.428726435248731,3.013017867183728,200,1.0000000000000218,1.0000000000000218
480,5.440564362689871,2.9483578376581603,200,1.000000000000021,1.000000000000021
481,5.438171461291413,2.9491054761259634,200,1.0000000000000215,1.0000000000000215
482,5.434725538354048,2.950045402989422,200,1.0000000000000222,1.0000000000000222
483,5.4225045779933145,2.9555646124216124,200,1.0000000000000213,1.0000000000000213
484,5.402579247575292,2.9762508238035523,200,1.000000000000022,1.000000000000022
485,5.336636610384025,3.105691608985062,200,1.0000000000000222,1.0000000000000222
486,5.3395606877252275,3.124484517518112,200,1.0000000000000222,1.0000000000000222
487,5.366721138338944,3.0731343627328833,200,1.0000000000000222,1.0000000000000222
488,5.3839777425163415,3.0207668235552383,200,1.0000000000000229,1.0000000000000229
489,5.396924475242063,2.9613822385412227,200,1.000000000000023,1.000000000000023
490,5.389645558604617,3.028326965925245,200,1.0000000000000222,1.0000000000000222
491,5.389138700878858,3.0281655902232654,200,1.0000000000000224,1.0000000000000224
492,5.38998602214188,3.0268245952005333,200,1.000000000000022,1.000000000000022
493,5.411089334016699,2.995690793354829,200,1.0000000000000229,1.0000000000000229
494,5.409089970776746,2.995207582542054,200,1.0000000000000233,1.0000000000000233
495,5.332643013905386,3.0730895485762186,200,1.0000000000000233,1.0000000000000233
496,5.329017637396213,3.0785340092737092,200,1.000000000000023,1.000000000000023
497,5.323290563991094,3.087373118656267,200,1.000000000000024,1.000000000000024
498,5.297977905409542,3.1301652003344906,200,1.000000000000023,1.000000000000023
499,5.303316786499473,3.109812450377807,200,1.0000000000000233,1.0000000000000233
500,5.320296870092037,3.0429408980604076,200,1.0000000000000229,1.0000000000000229
501,5.322605954508693,3.0232523968256633,200,1.000000000000023,1.000000000000023
502,5.320592798045896,3.0203197435963705,200,1.0000000000000238,1.0000000000000238
503,5.318515011156295,3.0174134673675366,200,1.0000000000000235,1.0000000000000235
504,5.31696732168237,2.9465321468220838,200,1.000000000000023,1.000000000000023
505,5.306535593136682,2.9478215640003564,200,1.000000000000023,1.000000000000023
506,5.2868843084573385,2.960251090710851,200,1.0000000000000242,1.0000000000000242
507,5.257684625886231,3.02404497171974,200,1.000000000000023,1.000000000000023
508,5.254261415661877,3.0309357561661203,200,1.0000000000000235,1.0000000000000235
509,5.250586278334453,3.102806623798687,200,1.000000000000024,1.000000000000024
510,5.294555966208191,3.094981999786624,200,1.0000000000000233,1.0000000000000233
511,5.312589464303313,3.0749960914760273,200,1.0000000000000233,1.0000000000000233
512,5.3200557369704935,3.063534100802786,200,1.0000000000000235,1.0000000000000235
513,5.2479957596023725,3.18240225037333,200,1.0000000000000242,1.0000000000000242
514,5.239894959809174,3.1945746476789,200,1.0000000000000233,1.0000000000000233
515,5.230254738078251,3.209428106988139,200,1.000000000000024,1.000000000000024
516,5.205978053180832,3.2292359429852864,200,1.0000000000000242,1.0000000000000242
517,5.256019140982834,3.0221133005935115,200,1.000000000000024,1.000000000000024
518,5.241185755151323,2.97275862304487,200,1.000000000000023,1.000000000000023
519,5.236525033975235,2.975548591503471,200,1.0000000000000235,1.0000000000000235
520,5.1943967024598585,3.0862600424445126,200,1.0000000000000246,1.0000000000000246
521,5.193887611265699,3.1285841176132605,200,1.0000000000000244,1.0000000000000244
522,5.20418968995493,3.1424514285703675,200,1.0000000000000246,1.0000000000000246
523,5.254218952119475,3.111663544390776,200,1.0000000000000249,1.0000000000000249
524,5.279205705635263,3.0810947016237837,200,1.000000000000024,1.000000000000024
525,5.222354922945774,3.1893695479399162,200,1.0000000000000253,1.0000000000000253
526,5.166378214008305,3.2771278820743,200,1.0000000000000246,1.0000000000000246
527,5.197386980316325,3.1036215747544924,200,1.0000000000000249,1.0000000000000249
528,5.205645596354797,3.020130592773264,200,1.0000000000000249,1.0000000000000249
529,5.180517545038308,2.9987982500043855,200,1.0000000000000253,1.0000000000000253
530,5.173080574643091,3.0082281954319665,200,1.000000000000025,1.000000000000025
531,5.157149897599566,3.041109232465036,200,1.000000000000025,1.000000000000025
532,5.149260553782237,3.0600833862635723,200,1.0000000000000253,1.0000000000000253
533,5.130553150549458,3.1607629816575886,200,1.0000000000000253,1.0000000000000253
534,5.19961956416867,3.1398512006501718,200,1.0000000000000244,1.0000000000000244
535,5.215227829911495,3.1181481045856643,200,1.0000000000000242,1.0000000000000242
536,5.217781968229978,3.1117764028714747,200,1.000000000000026,1.000000000000026
537,5.2232611900415025,3.123247373464279,200,1.0000000000000253,1.0000000000000253
538,5.218880405890813,3.128719085005367,200,1.0000000000000255,1.0000000000000255
539,5.196745312237322,3.183068685743206,200,1.0000000000000253,1.0000000000000253
540,5.181302114584463,3.217935363250331,200,1.0000000000000258,1.0000000000000258
541,5.167589015252828,3.248436243550901,200,1.0000000000000264,1.0000000000000264
542,5.149630663035577,3.288634366050248,200,1.0000000000000258,1.0000000000000258
543,5.135162429006909,3.31540884654889,200,1.0000000000000258,1.0000000000000258
544,5.130621250774665,3.319965077826056,200,1.0000000000000258,1.0000000000000258
545,5.127966313229571,3.3224255516793386,200,1.0000000000000253,1.0000000000000253
546,5.128383982911711,3.2883865343472007,200,1.000000000000025,1.000000000000025
547,5.133978855811236,3.2311075130393396,200,1.0000000000000264,1.0000000000000264
548,5.136709008661313,3.188237625736161,200,1.0000000000000255,1.0000000000000255
549,5.135446782255704,3.0439176045158676,200,1.0000000000000266,1.0000000000000266
550,5.101799365115126,3.0301523973692945,200,1.0000000000000255,1.0000000000000255
551,5.0305994394344085,3.2314969495793338,200,1.0000000000000255,1.0000000000000255
552,5.0728488936097715,3.2292303625320775,200,1.0000000000000258,1.0000000000000258
553,5.098280568861151,3.196450402981354,200,1.0000000000000264,1.0000000000000264
554,5.135715461466314,3.1411951383677748,200,1.0000000000000253,1.0000000000000253
555,5.163713140642079,3.1108814226445736,200,1.000000000000026,1.000000000000026
556,5.131149790208914,3.3046308036324525,200,1.0000000000000262,1.0000000000000262
557,5.117887167580591,3.3402349078707667,200,1.000000000000026,1.000000000000026
558,5.1107540998306,3.3660689400549426,200,1.0000000000000258,1.0000000000000258
559,5.1135067309095,3.342626426917548,200,1.0000000000000262,1.0000000000000262
560,5.115834498107905,3.2763246334229605,200,1.0000000000000266,1.0000000000000266
561,5.113062788440811,3.200804217537638,200,1.0000000000000269,1.0000000000000269
562,5.1000907390838925,3.118655931199739,200,1.0000000000000262,1.0000000000000262
563,5.090773414300828,3.0942042576939417,200,1.0000000000000275,1.0000000000000275
564,5.07160577633786,3.0691436504894987,200,1.0000000000000262,1.0000000000000262
565,5.038335279729467,3.0735665069305274,200,1.0000000000000273,1.0000000000000273
566,5.022481093213471,3.0886736146268268,200,1.0000000000000264,1.0000000000000264
567,4.978676872133912,3.169307484524137,200,1.0000000000000262,1.0000000000000262
568,4.946850816153013,3.2817056212312683,200,1.0000000000000269,1.0000000000000269
569,4.94589178797098,3.3029240321680358,200,1.0000000000000273,1.0000000000000273
570,4.964172222221019,3.3129455333758617,200,1.0000000000000266,1.0000000000000266
571,5.101645820197616,3.105296575898408,200,1.0000000000000275,1.0000000000000275
572,5.112112158269143,3.1571339035724915,200,1.0000000000000282,1.0000000000000282
573,5.113845292082596,3.218186194414455,200,1.0000000000000282,1.0000000000000282
574,5.114294922681672,3.2458595578229863,200,1.0000000000000269,1.0000000000000269
575,5.116789377832321,3.2786470180203087,200,1.0000000000000282,1.0000000000000282
576,5.11783024904485,3.2839655230932525,200,1.0000000000000275,1.0000000000000275
577,5.119735900003595,3.299451406801449,200,1.0000000000000269,1.0000000000000269
578,5.140523088408671,3.263216767542523,200,1.0000000000000278,1.0000000000000278
579,5.141048382052082,3.252501774212384,200,1.0000000000000284,1.0000000000000284
580,5.141898923072791,3.247515239313324,200,1.000000000000028,1.000000000000028
581,5.13520584654381,3.1761650718418006,200,1.0000000000000275,1.0000000000000275
582,5.11895922643024,3.111109592621537,200,1.0000000000000278,1.0000000000000278
583,5.116687471304068,3.1038146522815326,200,1.0000000000000275,1.0000000000000275
584,5.07875780515059,3.074735981185023,200,1.0000000000000273,1.0000000000000273
585,4.9831050963082335,3.3210931047620074,200,1.0000000000000286,1.0000000000000286
586,5.0112162687330635,3.2872407217584336,200,1.0000000000000278,1.0000000000000278
587,5.050938750809825,3.1919509052836057,200,1.0000000000000278,1.0000000000000278
588,5.056139670855565,3.1793730024431657,200,1.0000000000000282,1.0000000000000282
589,5.0744848125644895,3.1324996524241597,200,1.0000000000000282,1.0000000000000282
590,5.094522329994722,3.0884174286530244,200,1.0000000000000286,1.0000000000000286
591,5.132426762862657,3.1191512083168265,200,1.0000000000000289,1.0000000000000289
592,5.138079714112992,3.1425706268846842,200,1.0000000000000289,1.0000000000000289
593,5.141293276902246,3.1468463497428814,200,1.0000000000000289,1.0000000000000289
594,5.159048941634085,3.274972091141791,200,1.0000000000000295,1.0000000000000295
595,5.182827686586686,3.3484903058450746,200,1.0000000000000289,1.0000000000000289
596,5.186874688469203,3.3470755488419317,200,1.0000000000000298,1.0000000000000298
597,5.198641438446194,3.3112188089134476,200,1.0000000000000302,1.0000000000000302
598,5.192441768561981,3.1374530160161314,200,1.0000000000000289,1.0000000000000289
599,5.191579597881901,3.123336943860616,200,1.0000000000000289,1.0000000000000289
600,5.187561518697356,3.102425894394146,200,1.0000000000000295,1.0000000000000295
601,5.149257911726027,3.0683067848787937,200,1.0000000000000286,1.0000000000000286
602,5.140761983904617,3.075625504204471,200,1.000000000000029,1.000000000000029
603,5.1387278262801175,3.0798682170808207,200,1.0000000000000298,1.0000000000000298
604,5.1234983993310514,3.1038469891319442,200,1.0000000000000293,1.0000000000000293
605,5.103438647132483,3.1495553276749186,200,1.0000000000000295,1.0000000000000295
606,5.089059814775279,3.194854918812481,200,1.000000000000029,1.000000000000029
607,5.0754616772411,3.2642734799875255,200,1.0000000000000295,1.0000000000000295
608,5.076485131491566,3.266971690373591,200,1.0000000000000298,1.0000000000000298
609,5.078268843334026,3.26862248285215,200,1.000000000000031,1.000000000000031
610,5.105706886760789,3.2209100741224663,200,1.0000000000000295,1.0000000000000295
611,5.1840437180272465,3.020801188293221,200,1.0000000000000304,1.0000000000000304
612,5.209787335728429,3.121796372549744,200,1.0000000000000302,1.0000000000000302
613,5.214962988853678,3.1318362156396393,200,1.0000000000000306,1.0000000000000306
614,5.231278496506806,3.2401300777275184,200,1.0000000000000306,1.0000000000000306
615,5.236133005288071,3.2431457698671395,200,1.00000000000003,1.00000000000003
616,5.246715058873283,3.269892731653503,200,1.000000000000031,1.000000000000031
617,5.282718986486932,3.230606325707198,200,1.000000000000031,1.000000000000031
618,5.288422329450706,3.207574460142144,200,1.0000000000000309,1.0000000000000309
619,5.283790415677483,3.088139873862915,200,1.0000000000000309,1.0000000000000309
620,5.28464722137962,3.078090959702186,200,1.0000000000000306,1.0000000000000306
621,5.279867296809945,3.060307099755441,200,1.000000000000031,1.000000000000031
622,5.255664950682773,3.0546567445857606,200,1.000000000000031,1.000000000000031
623,5.233334647429833,3.086809271546135,200,1.00000000000003,1.00000000000003
624,5.230959807857317,3.095926511783178,200,1.0000000000000306,1.0000000000000306
625,5.229173046858676,3.1136152622176074,200,1.0000000000000315,1.0000000000000315
626,5.230127151080236,3.115714217069677,200,1.000000000000032,1.000000000000032
627,5.229474054031378,3.1212288834254904,200,1.0000000000000318,1.0000000000000318
628,5.213450598907412,3.1710525515728696,200,1.000000000000032,1.000000000000032
629,5.211461199812898,3.1912269959965593,200,1.0000000000000322,1.0000000000000322
630,5.213496878435199,3.190894384579631,200,1.0000000000000324,1.0000000000000324
631,5.216372174429157,3.187744793774124,200,1.0000000000000326,1.0000000000000326
632,5.242202632295363,3.1410719073931204,200,1.0000000000000326,1.0000000000000326
633,5.282309279938641,3.0410775398395207,200,1.0000000000000322,1.0000000000000322
634,5.298553697595338,3.0021512188325077,200,1.000000000000032,1.000000000000032
635,5.3210650988680985,2.9589046902991005,200,1.0000000000000313,1.0000000000000313
636,5.37221474544173,3.1812177488654956,200,1.0000000000000313,1.0000000000000313
637,5.37948566944828,3.04186919421275,200,1.0000000000000326,1.0000000000000326
638,5.363660060475935,3.023454579644211,200,1.000000000000032,1.000000000000032
639,5.352534377431166,3.025501073541251,200,1.0000000000000318,1.0000000000000318
640,5.345939608618899,3.030925708823331,200,1.0000000000000324,1.0000000000000324
641,5.34720597155705,3.0317518940668804,200,1.0000000000000322,1.0000000000000322
642,5.2913743634869475,3.132477812580898,200,1.0000000000000335,1.0000000000000335
643,5.2922429328719005,3.1313548593702176,200,1.0000000000000322,1.0000000000000322
644,5.292487055666521,3.1356137771256396,200,1.0000000000000322,1.0000000000000322
645,5.370355224816558,2.98299528320419,200,1.0000000000000324,1.0000000000000324
646,5.40092850018946,3.001224626654947,200,1.0000000000000313,1.0000000000000313
647,5.405571399269787,3.011916121800682,200,1.0000000000000324,1.0000000000000324
648,5.415635502369685,3.111514256833355,200,1.0000000000000322,1.0000000000000322
649,5.423160351179211,3.1187416605789613,200,1.0000000000000326,1.0000000000000326
650,5.443572049882009,3.12580161190562,200,1.0000000000000329,1.0000000000000329
651,5.462285787304256,3.024518526878817,200,1.0000000000000335,1.0000000000000335
652,5.461354869353453,3.0105608642512576,200,1.000000000000032,1.000000000000032
653,5.403760902775862,3.048349764431999,200,1.0000000000000333,1.0000000000000333
654,5.406393903159198,3.082099754735004,200,1.000000000000033,1.000000000000033
655,5.437725862194596,2.9961020168019776,200,1.0000000000000335,1.0000000000000335
656,5.45916146542598,2.9203943183237797,200,1.0000000000000326,1.0000000000000326
657,5.458875383507754,2.953645107843228,200,1.000000000000033,1.000000000000033
658,5.466212960964064,3.0822303174351546,200,1.0000000000000333,1.0000000000000333
659,5.497743989405761,3.077029121404783,200,1.0000000000000326,1.0000000000000326
660,5.507833085601045,3.0562699571623044,200,1.000000000000033,1.000000000000033
661,5.514993875424265,3.0352858597249734,200,1.0000000000000326,1.0000000000000326
662,5.474609456978744,3.0292188153078894,200,1.000000000000033,1.000000000000033
663,5.469360888976524,3.060172801130051,200,1.000000000000033,1.000000000000033
664,5.4760663856299665,3.0745204416464356,200,1.0000000000000326,1.0000000000000326
665,5.507371516962477,2.9551399904574454,200,1.000000000000033,1.000000000000033
666,5.50995364549892,2.9253899063572684,200,1.0000000000000324,1.0000000000000324
667,5.511184763749506,2.917416521881768,200,1.0000000000000324,1.0000000000000324
668,5.506550613288782,2.9092548105673233,200,1.000000000000033,1.000000000000033
669,5.500930633523299,3.006824120688413,200,1.000000000000033,1.000000000000033
670,5.5106085231271695,3.0480872457228356,200,1.0000000000000333,1.0000000000000333
671,5.532641635546696,3.0688789693234675,200,1.000000000000033,1.000000000000033
672,5.5452712954725945,3.058763283002722,200,1.0000000000000326,1.0000000000000326
673,5.5623040330623725,2.975087470795108,200,1.0000000000000326,1.0000000000000326
674,5.5613121774328675,2.952589185824562,200,1.0000000000000333,1.0000000000000333
675,5.55212739767884,2.9912340398286,200,1.0000000000000326,1.0000000000000326
676,5.553101151106977,3.0136845596634356,200,1.0000000000000338,1.0000000000000338
677,5.566647471999434,3.053015286153566,200,1.0000000000000326,1.0000000000000326
678,5.5770133554186145,3.0249045174399214,200,1.0000000000000329,1.0000000000000329
679,5.57761712389885,3.0215249884829123,200,1.000000000000033,1.000000000000033
680,5.578614704197782,2.9993332121832466,200,1.0000000000000333,1.0000000000000333
681,5.574892076458092,2.9530557260372934,200,1.000000000000034,1.000000000000034
682,5.56958048591599,2.9264694399601767,200,1.0000000000000335,1.0000000000000335
683,5.568220040303647,2.919456482120663,200,1.000000000000034,1.000000000000034
684,5.541891246975117,2.900381754492466,200,1.0000000000000333,1.0000000000000333
685,5.539241403240694,2.911310515783855,200,1.0000000000000333,1.0000000000000333
686,5.537818400742612,2.948068896334442,200,1.0000000000000333,1.0000000000000333
687,5.545243515464426,2.997430551661431,200,1.000000000000034,1.000000000000034
688,5.559642911803013,3.0335222608826395,200,1.0000000000000342,1.0000000000000342
689,5.59607301452687,2.9366691599704637,200,1.0000000000000344,1.0000000000000344
690,5.611233514537913,2.985452525131846,200,1.0000000000000342,1.0000000000000342
691,5.6141984147875394,2.9980645202399208,200,1.0000000000000342,1.0000000000000342
692,5.615142295911721,3.002737739968667,200,1.0000000000000346,1.0000000000000346
693,5.634713344461846,3.044029572553007,200,1.0000000000000342,1.0000000000000342
694,5.597470191732988,2.913962329901434,200,1.0000000000000335,1.0000000000000335
695,5.590814667456296,2.9032129112864338,200,1.0000000000000344,1.0000000000000344
696,5.569650330328363,2.88457185138333,200,1.0000000000000353,1.0000000000000353
697,5.552122960383751,2.8972085420048863,200,1.0000000000000349,1.0000000000000349
698,5.5486360629140865,2.9291358903324958,200,1.0000000000000346,1.0000000000000346
699,5.550485008681102,2.938029792061769,200,1.0000000000000349,1.0000000000000349
700,5.5758101281827335,3.0304688298456437,200,1.0000000000000349,1.0000000000000349
701,5.606866186090706,2.9970615663521416,200,1.0000000000000346,1.0000000000000346
702,5.6088899115859565,2.949768141773116,200,1.0000000000000357,1.0000000000000357
703,5.64048435713562,2.9569126666064287,200,1.0000000000000346,1.0000000000000346
704,5.654040693787198,2.987992660117741,200,1.0000000000000364,1.0000000000000364
705,5.691909149015224,3.0514790278037154,200,1.0000000000000362,1.0000000000000362
706,5.692879150540469,3.0520259631929125,200,1.0000000000000357,1.0000000000000357
707,5.688215548416965,3.03292395259721,200,1.0000000000000355,1.0000000000000355
708,5.651392162996833,2.961345112600534,200,1.0000000000000357,1.0000000000000357
709,5.648550165512413,2.957270347764318,200,1.0000000000000366,1.0000000000000366
710,5.626365406809574,2.9252617612838705,200,1.000000000000036,1.000000000000036
711,5.600799716848783,2.895273216712382,200,1.0000000000000357,1.0000000000000357
712,5.569518599766151,2.873383478382334,200,1.000000000000036,1.000000000000036
713,5.54709360820448,2.887025933994876,200,1.0000000000000366,1.0000000000000366
714,5.544714202868198,2.8982675311467405,200,1.0000000000000355,1.0000000000000355
715,5.54496318232559,2.9193821451007795,200,1.0000000000000357,1.0000000000000357
716,5.5807520824648,3.0343977019057315,200,1.0000000000000357,1.0000000000000357
717,5.589063495680616,3.0443150356543938,200,1.000000000000036,1.000000000000036
718,5.611272986885854,2.9996089770769947,200,1.0000000000000353,1.0000000000000353
719,5.613845870027501,2.888632731769152,200,1.0000000000000353,1.0000000000000353
720,5.616275227096657,2.8913380115340375,200,1.0000000000000362,1.0000000000000362
721,5.622895613549339,2.900829730889846,200,1.0000000000000357,1.0000000000000357
722,5.62407372698915,2.904230893887454,200,1.0000000000000353,1.0000000000000353
723,5.686261827259498,3.003166765338944,200,1.0000000000000357,1.0000000000000357
724,5.739324462744482,3.079298712691228,200,1.0000000000000357,1.0000000000000357
725,5.712611000809918,3.0272272773605544,200,1.0000000000000357,1.0000000000000357
726,5.681352936021027,2.9831331571576625,200,1.0000000000000357,1.0000000000000357
727,5.621033411817714,2.9112746132981715,200,1.0000000000000364,1.0000000000000364
728,5.559609924824079,2.8739645618886356,200,1.0000000000000366,1.0000000000000366
729,5.5540336775294445,2.8750181201596745,200,1.000000000000036,1.000000000000036
730,5.550959959556238,2.9618408109349836,200,1.000000000000037,1.000000000000037
731,5.604790481003176,3.073286783224781,200,1.000000000000037,1.000000000000037
732,5.613249326821887,3.0364947683062096,200,1.000000000000037,1.000000000000037
733,5.60300737072341,2.971221869247037,200,1.000000000000036,1.000000000000036
734,5.599942040170086,2.955542680435066,200,1.0000000000000369,1.0000000000000369
735,5.596593557085367,2.9399551326873867,200,1.0000000000000373,1.0000000000000373
736,5.591385578165267,2.8823855130146447,200,1.0000000000000366,1.0000000000000366
737,5.601827399853623,2.8850564097294358,200,1.000000000000037,1.000000000000037
738,5.601662806801485,2.8854014560933363,200,1.0000000000000366,1.0000000000000366
739,5.698639574286906,3.0192145031449864,200,1.000000000000038,1.000000000000038
740,5.734735000151714,3.0694921237006683,200,1.0000000000000377,1.0000000000000377
741,5.776163511772058,3.1203389867237283,200,1.0000000000000375,1.0000000000000375
742,5.662275049896246,2.9578738367306423,200,1.000000000000038,1.000000000000038
743,5.65780494431093,2.9529041183899225,200,1.000000000000038,1.000000000000038
744,5.608083387411136,2.902220249202147,200,1.0000000000000384,1.0000000000000384
745,5.564789447122193,2.8801575529366756,200,1.0000000000000382,1.0000000000000382
746,5.552450127058668,2.893852491500231,200,1.000000000000038,1.000000000000038
747,5.628412084741527,3.080295677495451,200,1.0000000000000382,1.0000000000000382
748,5.619880423422585,3.0415296118710082,200,1.0000000000000375,1.0000000000000375
749,5.589997307120085,2.935615565725892,200,1.0000000000000382,1.0000000000000382
750,5.588218874260409,2.883408361463558,200,1.0000000000000395,1.0000000000000395
751,5.623809890589162,2.9242895827917685,200,1.0000000000000386,1.0000000000000386
752,5.643277280083382,2.950688311467108,200,1.000000000000039,1.000000000000039
753,5.701867627846687,3.0293834646076188,200,1.0000000000000384,1.0000000000000384
754,5.710451213718474,3.0400279079463743,200,1.0000000000000389,1.0000000000000389
755,5.7270285523960105,3.0611554952319615,200,1.000000000000039,1.000000000000039
756,5.756919966249606,3.069958234738878,200,1.0000000000000397,1.0000000000000397
757,5.750310962266537,3.059495097530978,200,1.0000000000000389,1.0000000000000389
758,5.711437773138348,3.005116240710839,200,1.0000000000000395,1.0000000000000395
759,5.586417917565259,2.9449700520435447,200,1.0000000000000393,1.0000000000000393
760,5.595506445259094,2.9746385892814726,200,1.000000000000039,1.000000000000039
761,5.632036500642762,3.0633408814768255,200,1.0000000000000395,1.0000000000000395
762,5.667908724369644,3.1217176309484835,200,1.0000000000000395,1.0000000000000395
763,5.591716190405037,2.8979401671226217,200,1.0000000000000395,1.0000000000000395
764,5.599003704085844,2.8950382376544015,200,1.00000000000004,1.00000000000004
765,5.607899631427676,2.903552914944209,200,1.0000000000000397,1.0000000000000397
766,5.738483886349707,3.0814750218068503,200,1.0000000000000395,1.0000000000000395
767,5.747191561708977,3.090671384982488,200,1.0000000000000395,1.0000000000000395
768,5.772694938380056,3.1207257706030624,200,1.0000000000000395,1.0000000000000395
769,5.776973117009066,3.1236783289538614,200,1.0000000000000402,1.0000000000000402
770,5.803487228817968,3.151376382062298,200,1.0000000000000386,1.0000000000000386
771,5.814620540457536,3.158710797802092,200,1.0000000000000402,1.0000000000000402
772,5.818453414906015,3.1572823063815614,200,1.0000000000000389,1.0000000000000389
773,5.74625577367922,3.0311592811550567,200,1.0000000000000393,1.0000000000000393
774,5.698178331434146,2.9615320347418566,200,1.000000000000039,1.000000000000039
775,5.6194969358999165,2.892515209439826,200,1.0000000000000389,1.0000000000000389
776,5.670705855661482,3.0417936943376436,200,1.0000000000000395,1.0000000000000395
777,5.697869829749166,3.093660361173773,200,1.0000000000000393,1.0000000000000393
778,5.709302800827413,3.1120258685698547,200,1.0000000000000389,1.0000000000000389
779,5.71139506643844,3.111612408098898,200,1.0000000000000393,1.0000000000000393
780,5.695748589750396,3.0747948554019966,200,1.0000000000000397,1.0000000000000397
781,5.6905491009340965,3.064030795921,200,1.0000000000000395,1.0000000000000395
782,5.6451562849224715,2.9698526196276034,200,1.00000000000004,1.00000000000004
783,5.6725658367408425,2.992314117319157,200,1.0000000000000393,1.0000000000000393
784,5.700863481934354,3.031289936964895,200,1.0000000000000395,1.0000000000000395
785,5.713345775789557,3.0461810050905096,200,1.0000000000000404,1.0000000000000404
786,5.797058767036223,3.153069873960877,200,1.00000000000004,1.00000000000004
787,5.820139965086419,3.1646765860405717,200,1.0000000000000409,1.0000000000000409
788,5.813849216475128,3.1421856981637166,200,1.0000000000000404,1.0000000000000404
789,5.745601542254423,3.0189765493761733,200,1.0000000000000402,1.0000000000000402
790,5.69763796246014,3.02170831738169,200,1.0000000000000402,1.0000000000000402
791,5.740134621671307,3.10363096470656,200,1.0000000000000406,1.0000000000000406
792,5.655564184042907,2.9584544173483036,200,1.00000000000004,1.00000000000004
793,5.676943556462424,2.998102309341926,200,1.00000000000004,1.00000000000004
794,5.715532500610294,3.060858939446502,200,1.0000000000000402,1.0000000000000402
795,5.780937844150609,3.152898486689993,200,1.00000000000004,1.00000000000004
796,5.79130257033246,3.1628130467119284,200,1.0000000000000402,1.0000000000000402
797,5.813814055092061,3.1712516839067963,200,1.000000000000041,1.000000000000041
798,5.804921393533318,3.139134918849354,200,1.0000000000000409,1.0000000000000409
799,5.763623455109997,3.053282710331795,200,1.0000000000000409,1.0000000000000409
800,5.747178238470516,3.020729859131805,200,1.0000000000000409,1.0000000000000409
801,5.696914825128962,2.933714822392603,200,1.0000000000000406,1.0000000000000406
802,5.705360012860702,2.9560352926078526,200,1.000000000000041,1.000000000000041
803,5.724650482855072,2.9942181819581197,200,1.0000000000000413,1.0000000000000413
804,5.726395305399608,2.9989402184298926,200,1.0000000000000413,1.0000000000000413
805,5.764285986357798,3.068105815603059,200,1.0000000000000424,1.0000000000000424
806,5.7794361488086,3.1030475031667493,200,1.0000000000000422,1.0000000000000422
807,5.766116344368159,3.0891509789627256,200,1.0000000000000415,1.0000000000000415
808,5.740182413420239,3.060413610770555,200,1.0000000000000417,1.0000000000000417
809,5.716254944547926,3.0359101820436605,200,1.0000000000000417,1.0000000000000417
810,5.679415923554149,3.0274254375753373,200,1.000000000000042,1.000000000000042
811,5.6820756512691295,3.03869226108259,200,1.000000000000042,1.000000000000042
812,5.763918741324138,3.194466046573143,200,1.0000000000000417,1.0000000000000417
813,5.775977668215241,3.2068818000018404,200,1.0000000000000415,1.0000000000000415
814,5.757572071790206,3.0629978433694314,200,1.000000000000041,1.000000000000041
815,5.788916856148577,3.116157443360687,200,1.0000000000000413,1.0000000000000413
816,5.785816896713997,3.1160803518743534,200,1.000000000000041,1.000000000000041
817,5.761071130115113,3.0930649955343625,200,1.0000000000000417,1.0000000000000417
818,5.743387952507023,3.077249381200621,200,1.0000000000000413,1.0000000000000413
819,5.681272382949647,3.0367588408743345,200,1.0000000000000413,1.0000000000000413
820,5.672499057450327,3.0558486681967874,200,1.0000000000000422,1.0000000000000422
821,5.672858680488401,3.0613206257637153,200,1.0000000000000417,1.0000000000000417
822,5.693230178816485,3.132279249172051,200,1.0000000000000426,1.0000000000000426
823,5.741619206917797,3.2288105094555326,200,1.0000000000000415,1.0000000000000415
824,5.7556822616115975,3.2349936976692226,200,1.0000000000000429,1.0000000000000429
825,5.750813459678437,3.2206465119109686,200,1.0000000000000426,1.0000000000000426
826,5.741263678186952,3.197212250699814,200,1.0000000000000429,1.0000000000000429
827,5.730388358345286,3.172713239610744,200,1.0000000000000424,1.0000000000000424
828,5.709589947883256,3.1258252632181187,200,1.0000000000000429,1.0000000000000429
829,5.681847730552483,3.0421997344103624,200,1.0000000000000433,1.0000000000000433
830,5.719540830402928,3.079734362173233,200,1.0000000000000429,1.0000000000000429
831,5.733309926601786,3.1004229616689227,200,1.0000000000000426,1.0000000000000426
832,5.786518059578602,3.1725742999403326,200,1.0000000000000426,1.0000000000000426
833,5.787158663462087,3.1805587522724834,200,1.0000000000000426,1.0000000000000426
834,5.7842695985449595,3.1826014065759276,200,1.000000000000043,1.000000000000043
835,5.772981658732153,3.1824155034696804,200,1.0000000000000435,1.0000000000000435
836,5.652733738033524,3.1173084970129334,200,1.0000000000000429,1.0000000000000429
837,5.638415180552865,3.123896747813954,200,1.0000000000000435,1.0000000000000435
838,5.630682862573215,3.1343446975103504,200,1.0000000000000437,1.0000000000000437
839,5.626340082126239,3.1494412020818148,200,1.000000000000044,1.000000000000044
840,5.626530589621264,3.1756868351109047,200,1.0000000000000433,1.0000000000000433
841,5.662436616853515,3.2844382250807485,200,1.0000000000000437,1.0000000000000437
842,5.676103795260985,3.314652444820555,200,1.0000000000000435,1.0000000000000435
843,5.659323702529271,3.253946559386192,200,1.0000000000000442,1.0000000000000442
844,5.6351328125273215,3.1990125155006037,200,1.000000000000044,1.000000000000044
845,5.620558443921869,3.1645129840338018,200,1.0000000000000446,1.0000000000000446
846,5.617330237987147,3.1282011674282795,200,1.0000000000000449,1.0000000000000449
847,5.650883638969207,3.15271729511806,200,1.000000000000044,1.000000000000044
848,5.68132867251408,3.187593194736896,200,1.0000000000000442,1.0000000000000442
849,5.683988788795379,3.195724348754118,200,1.0000000000000453,1.0000000000000453
850,5.747672401322804,3.271465935544353,200,1.0000000000000453,1.0000000000000453
851,5.751806304479814,3.2839571180205622,200,1.0000000000000442,1.0000000000000442
852,5.748052120586999,3.2874043746661052,200,1.0000000000000442,1.0000000000000442
853,5.73962903996302,3.2868128442856483,200,1.0000000000000446,1.0000000000000446
854,5.735619373519473,3.2887411110329334,200,1.0000000000000444,1.0000000000000444
855,5.705523722782242,3.2804736586784276,200,1.0000000000000446,1.0000000000000446
856,5.662874070723967,3.253755517903328,200,1.0000000000000449,1.0000000000000449
857,5.601243149626269,3.2193251943950063,200,1.0000000000000449,1.0000000000000449
858,5.592718932500654,3.217208318446026,200,1.0000000000000457,1.0000000000000457
859,5.558769275089844,3.2051093994014606,200,1.000000000000046,1.000000000000046
860,5.497161988460578,3.2618984133369877,200,1.0000000000000457,1.0000000000000457
861,5.529159007308776,3.3941197492649593,200,1.0000000000000446,1.0000000000000446
862,5.54111781765887,3.405774655105859,200,1.0000000000000462,1.0000000000000462
863,5.528258440107969,3.379708556088167,200,1.0000000000000455,1.0000000000000455
864,5.487442648792969,3.2607828477733967,200,1.000000000000045,1.000000000000045
865,5.482156998563965,3.228637590443335,200,1.0000000000000462,1.0000000000000462
866,5.516568878366295,3.2272223865321603,200,1.0000000000000466,1.0000000000000466
867,5.514339505110378,3.2288343926223977,200,1.000000000000046,1.000000000000046
868,5.546318979205873,3.2571645475465725,200,1.0000000000000466,1.0000000000000466
869,5.635724800544713,3.346110037253024,200,1.0000000000000457,1.0000000000000457
870,5.636557286638664,3.3522500775522697,200,1.0000000000000462,1.0000000000000462
871,5.6844534707792205,3.4070873915248487,200,1.0000000000000462,1.0000000000000462
872,5.688345228231623,3.417063403533803,200,1.0000000000000466,1.0000000000000466
873,5.5167317633247475,3.317923858054274,200,1.0000000000000475,1.0000000000000475
874,5.464042948706183,3.293298337874609,200,1.0000000000000462,1.0000000000000462
875,5.423435277665275,3.2832921696880213,200,1.000000000000047,1.000000000000047
876,5.405489239110618,3.2829279121870742,200,1.000000000000047,1.000000000000047
877,5.377895169139583,3.3045405202830924,200,1.0000000000000477,1.0000000000000477
878,5.424259046890663,3.4975595235971833,200,1.000000000000046,1.000000000000046
879,5.43465140158755,3.525154003787157,200,1.000000000000047,1.000000000000047
880,5.440549296430632,3.542997384078516,200,1.0000000000000473,1.0000000000000473
881,5.459733522578469,3.5788442770135083,200,1.000000000000047,1.000000000000047
882,5.461707618002341,3.5819139662179005,200,1.0000000000000466,1.0000000000000466
883,5.374601632597303,3.394026883910314,200,1.0000000000000462,1.0000000000000462
884,5.35687158216183,3.3587491267783993,200,1.0000000000000473,1.0000000000000473
885,5.347809021047896,3.345795509105279,200,1.0000000000000469,1.0000000000000469
886,5.341723131848399,3.342215800039815,200,1.000000000000047,1.000000000000047
887,5.333699633705173,3.3306171614758453,200,1.000000000000047,1.000000000000047
888,5.3356526192636355,3.301229070815576,200,1.000000000000047,1.000000000000047
889,5.368557293905222,3.3259794868227655,200,1.0000000000000477,1.0000000000000477
890,5.394857209262977,3.355190758439169,200,1.0000000000000475,1.0000000000000475
891,5.42158370437558,3.387113855173505,200,1.0000000000000475,1.0000000000000475
892,5.426831405882839,3.4113075410792937,200,1.0000000000000473,1.0000000000000473
893,5.572486384575498,3.5827379312393903,200,1.0000000000000477,1.0000000000000477
894,5.582055248737373,3.614977011382351,200,1.0000000000000475,1.0000000000000475
895,5.568331055292038,3.6072251836972677,200,1.0000000000000484,1.0000000000000484
896,5.505948209090409,3.558783280201016,200,1.0000000000000475,1.0000000000000475
897,5.435552726746863,3.501762992963227,200,1.0000000000000482,1.0000000000000482
898,5.243148314871722,3.438650695282648,200,1.0000000000000488,1.0000000000000488
899,5.3121175042559035,3.5853135177309365,200,1.0000000000000482,1.0000000000000482
900,5.3790510196651535,3.6740151100786647,200,1.000000000000049,1.000000000000049
901,5.381935171788123,3.680853157429051,200,1.0000000000000488,1.0000000000000488
902,5.383619572158121,3.684055965902273,200,1.0000000000000484,1.0000000000000484
903,5.383323811044587,3.687084502690799,200,1.0000000000000488,1.0000000000000488
904,5.344244597058266,3.6023426365104436,200,1.000000000000049,1.000000000000049
905,5.279669071229981,3.4899313756323442,200,1.0000000000000504,1.0000000000000504
906,5.226824275352694,3.3858908259163574,200,1.0000000000000497,1.0000000000000497
907,5.214701900918495,3.351260930882212,200,1.0000000000000495,1.0000000000000495
908,5.213539957804875,3.349596767292934,200,1.00000000000005,1.00000000000005
909,5.217951221635882,3.3514566141976334,200,1.0000000000000495,1.0000000000000495
910,5.513605989480572,3.7184584146260127,200,1.0000000000000493,1.0000000000000493
911,5.2394610098379415,3.4570474707429604,200,1.000000000000048,1.000000000000048
912,5.230409836411009,3.4515840741879353,200,1.0000000000000495,1.0000000000000495
913,5.179071956922407,3.462871930800112,200,1.0000000000000493,1.0000000000000493
914,5.191245358905475,3.495984561516594,200,1.0000000000000495,1.0000000000000495
915,5.314819032514384,3.685224559593643,200,1.0000000000000495,1.0000000000000495
916,5.352261365469813,3.730358633118024,200,1.000000000000049,1.000000000000049
917,5.365554898153178,3.73636582989036,200,1.0000000000000493,1.0000000000000493
918,5.337614629229057,3.680333065796496,200,1.0000000000000495,1.0000000000000495
919,5.308387491946533,3.6330474335637715,200,1.00000000000005,1.00000000000005
920,5.251439062520162,3.5403255151687785,200,1.0000000000000508,1.0000000000000508
921,5.184705798446188,3.4279987841001414,200,1.0000000000000504,1.0000000000000504
922,5.181761714070809,3.4242555431454726,200,1.0000000000000506,1.0000000000000506
923,5.167791140107756,3.397175170736634,200,1.000000000000049,1.000000000000049
924,5.281783450256146,3.542111269829308,200,1.00000000000005,1.00000000000005
925,5.475625184368742,3.780063954785007,200,1.0000000000000504,1.0000000000000504
926,5.326132239391982,3.6122537540557227,200,1.0000000000000504,1.0000000000000504
927,5.304374526875836,3.588943526415082,200,1.0000000000000502,1.0000000000000502
928,5.203470671635053,3.5602524936053337,200,1.0000000000000502,1.0000000000000502
929,5.255893523025953,3.638769162457561,200,1.0000000000000508,1.0000000000000508
930,5.3179056412126124,3.7191910773285364,200,1.000000000000051,1.000000000000051
931,5.324306867603927,3.7287231992487406,200,1.0000000000000504,1.0000000000000504
932,5.3567471143395196,3.753667615814225,200,1.0000000000000513,1.0000000000000513
933,5.355382967503926,3.7511142683391134,200,1.0000000000000513,1.0000000000000513
934,5.339116995805921,3.7190739794115952,200,1.0000000000000513,1.0000000000000513
935,5.179693129715666,3.466691238862686,200,1.0000000000000506,1.0000000000000506
936,5.175043885545568,3.4578584277991307,200,1.0000000000000506,1.0000000000000506
937,5.1667560757500395,3.4428343239604917,200,1.000000000000051,1.000000000000051
938,5.160633789540328,3.430587831435825,200,1.0000000000000502,1.0000000000000502
939,5.160856054995409,3.4272071402070217,200,1.0000000000000502,1.0000000000000502
940,5.262478150183753,3.5640554716202297,200,1.000000000000051,1.000000000000051
941,5.452347438382719,3.783133367098335,200,1.000000000000051,1.000000000000051
942,5.454075443833258,3.782135039684099,200,1.000000000000051,1.000000000000051
943,5.445805359348321,3.7624030516086346,200,1.000000000000052,1.000000000000052
944,5.438229646982468,3.749498731484827,200,1.0000000000000517,1.0000000000000517
945,5.347779372813031,3.6258831282530704,200,1.0000000000000513,1.0000000000000513
946,5.341647105211127,3.6165727016159095,200,1.0000000000000517,1.0000000000000517
947,5.275963433815926,3.529882559960507,200,1.0000000000000522,1.0000000000000522
948,5.168789995693621,3.3993787893909126,200,1.0000000000000515,1.0000000000000515
949,5.157170300143051,3.4098181447442713,200,1.0000000000000524,1.0000000000000524
950,5.232310318945107,3.538645693227146,200,1.0000000000000524,1.0000000000000524
951,5.256587637160594,3.5739101145238137,200,1.0000000000000517,1.0000000000000517
952,5.312956333996957,3.650064649237686,200,1.0000000000000526,1.0000000000000526
953,5.376290819664328,3.7161157601366415,200,1.0000000000000522,1.0000000000000522
954,5.37432378536665,3.701496373344454,200,1.0000000000000524,1.0000000000000524
955,5.2818876356850755,3.5475784491443036,200,1.0000000000000528,1.0000000000000528
956,5.281810564994308,3.5394772037601263,200,1.0000000000000522,1.0000000000000522
957,5.2341254838606215,3.4629727480554537,200,1.0000000000000528,1.0000000000000528
958,5.214091059209576,3.4287154470591195,200,1.0000000000000528,1.0000000000000528
959,5.214265456553639,3.424472421027144,200,1.000000000000053,1.000000000000053
960,5.219734309985907,3.4267414604465882,200,1.0000000000000528,1.0000000000000528
961,5.413316531655319,3.6697610394512163,200,1.0000000000000526,1.0000000000000526
962,5.443850777153868,3.6950122412024635,200,1.0000000000000537,1.0000000000000537
963,5.468056020513032,3.704307367171713,200,1.0000000000000526,1.0000000000000526
964,5.398922330953778,3.566056220762166,200,1.0000000000000533,1.0000000000000533
965,5.3119321203844185,3.4348130486544464,200,1.0000000000000528,1.0000000000000528
966,5.262445629459003,3.3651244649371717,200,1.0000000000000537,1.0000000000000537
967,5.249172366072978,3.3463038390345994,200,1.0000000000000537,1.0000000000000537
968,5.232287705901509,3.3294464851834276,200,1.0000000000000522,1.0000000000000522
969,5.295170315652355,3.466524870648326,200,1.000000000000053,1.000000000000053
970,5.332036503276831,3.522121133326646,200,1.0000000000000528,1.0000000000000528
971,5.410732100395558,3.6256989266628157,200,1.0000000000000537,1.0000000000000537
972,5.414829194111276,3.62555419690247,200,1.000000000000053,1.000000000000053
973,5.416582998708671,3.6225080910951757,200,1.000000000000053,1.000000000000053
974,5.419479785288943,3.616429519832717,200,1.0000000000000535,1.0000000000000535
975,5.387872550363624,3.5452523764507937,200,1.0000000000000535,1.0000000000000535
976,5.349674572130169,3.47268592939515,200,1.0000000000000535,1.0000000000000535
977,5.314538288472821,3.4065431735396263,200,1.000000000000054,1.000000000000054
978,5.302674074874259,3.378946627585496,200,1.000000000000053,1.000000000000053
979,5.309724519436774,3.382036568899483,200,1.0000000000000533,1.0000000000000533
980,5.353438911239843,3.437142073504622,200,1.0000000000000535,1.0000000000000535
981,5.4218046127823625,3.518214493684339,200,1.0000000000000546,1.0000000000000546
982,5.436449040837507,3.5296956486517868,200,1.000000000000055,1.000000000000055
983,5.468722171357014,3.4691323854997123,200,1.000000000000054,1.000000000000054
984,5.460380084123398,3.448272082626397,200,1.0000000000000535,1.0000000000000535
985,5.400669627850468,3.3419812940365135,200,1.0000000000000535,1.0000000000000535
986,5.328275023129149,3.2514562786905983,200,1.0000000000000537,1.0000000000000537
987,5.332414741461552,3.2536648973876034,200,1.0000000000000537,1.0000000000000537
988,5.340788329219315,3.2861836312028045,200,1.0000000000000546,1.0000000000000546
989,5.374260461676179,3.3625968972376317,200,1.0000000000000544,1.0000000000000544
990,5.384474843584698,3.377215063198463,200,1.0000000000000553,1.0000000000000553
991,5.461475323651826,3.5070189644832648,200,1.000000000000055,1.000000000000055
992,5.453664518211519,3.455804749536565,200,1.0000000000000557,1.0000000000000557
993,5.440351547963417,3.419748708740355,200,1.0000000000000546,1.0000000000000546
994,5.3940485751759315,3.3152281796207235,200,1.0000000000000553,1.0000000000000553
995,5.399293298670518,3.3155063576908352,200,1.0000000000000553,1.0000000000000553
996,5.404563114772175,3.3152475069746123,200,1.0000000000000544,1.0000000000000544
997,5.544668021962461,3.463028397518883,200,1.000000000000055,1.000000000000055
998,5.45940173637551,3.2676102435613172,200,1.000000000000055,1.000000000000055
999,5.43901865502473,3.2308417434195524,200,1.0000000000000548,1.0000000000000548
1000,5.441039948792927,3.227830894425606,200,1.000000000000055,1.000000000000055
