time_step,mean_distance,variance
0.0,0.0,0.0
1.0,0.10514867342031092,0.09418661623044643
2.0,0.15333063263746788,0.13010265658250436
3.0,0.2049309470262006,0.16364118744672118
4.0,0.2507952770398063,0.1892795475869522
5.0,0.3002937027626386,0.21251959531478243
6.0,0.3473209015114342,0.23059914510090274
7.0,0.3915361517430776,0.24417974763950306
8.0,0.436459611034415,0.25477842380824567
9.0,0.47593492608859184,0.26198535647505583
10.0,0.5126831842246213,0.2667537151095723
11.0,0.554146765220874,0.27007021308329104
12.0,0.5852361582124439,0.27271615053530013
13.0,0.6183283717329189,0.27464393307038154
14.0,0.6459200563611901,0.2762116764290711
15.0,0.6668759572051199,0.2790464957996951
16.0,0.6899977985881107,0.28265504738953784
17.0,0.7142799710159777,0.28662055148789356
18.0,0.732634639227381,0.2936817118378524
19.0,0.7444853059351972,0.30391272059018826
20.0,0.7548833821546375,0.31647510245651056
21.0,0.7642440367418228,0.33055597242370627
22.0,0.7711331857710693,0.34739855678273845
23.0,0.7711049859082545,0.366555539474402
24.0,0.7716495826102213,0.3862264285485507
25.0,0.772995976972393,0.4065286279062723
26.0,0.7722850796024378,0.4281649442110521
27.0,0.7664230203096988,0.4522446198982285
28.0,0.7613793881985884,0.4784318133345977
29.0,0.7577645818677052,0.5037871720009914
30.0,0.7566206224627138,0.5240940729248116
31.0,0.7549995238718897,0.544756134591047
32.0,0.7518732783558641,0.5646178920888467
33.0,0.7483613344948888,0.5871566753408797
34.0,0.7496291384288675,0.6029275607953966
35.0,0.7523013170016365,0.620074257969267
36.0,0.7538071907896075,0.6385232845534881
37.0,0.7575353750921424,0.6542975114026511
38.0,0.7626576160614963,0.672918268693881
39.0,0.7660360148395413,0.6901455449681377
40.0,0.770248132251798,0.7090423888447035
41.0,0.7770671224687642,0.721131120516342
42.0,0.7871768948244359,0.7333823859697286
43.0,0.7966106017161716,0.7437291854263591
44.0,0.8050800170139325,0.7535620623162101
45.0,0.8184326849611148,0.7589324724446714
46.0,0.8307248052928513,0.763292459252411
47.0,0.843380818792105,0.768952067459252
48.0,0.8565255633004998,0.770641268937269
49.0,0.8714802672221057,0.7745276442662948
50.0,0.8843513273017056,0.7788484091506804
51.0,0.8959686661923207,0.7832339235761806
52.0,0.9084142838796969,0.7860819921528183
53.0,0.921405252996642,0.7889664750632642
54.0,0.9367244035714017,0.7882763183132598
55.0,0.9492688455106567,0.790861170024234
56.0,0.9622291449112104,0.795768220897566
57.0,0.9737742516003461,0.7998289977056665
58.0,0.982421778959452,0.8092078073343549
59.0,0.9938398538478379,0.8146047408428441
60.0,1.0054390021455453,0.8174331219033426
61.0,1.0168915318278318,0.8235132984025086
62.0,1.028253448418915,0.8287974510562777
63.0,1.0395550502475603,0.8351550527743463
64.0,1.0528033443231122,0.8417619123996591
65.0,1.0624648659573306,0.8544692802034493
66.0,1.0730536237317818,0.8645620815626933
67.0,1.082279710548555,0.8731677937029358
68.0,1.0928543898689125,0.8817317719617273
69.0,1.101954920343925,0.8895473471347006
70.0,1.111843886987843,0.9001154360731538
71.0,1.1202675322901068,0.9128800965361346
72.0,1.1298636313879247,0.9252736760419016
73.0,1.1395081661946231,0.9351087068059936
74.0,1.1491494176320085,0.9523066402687836
75.0,1.1590699391858181,0.9650708318435688
76.0,1.1697349099842662,0.9742215415318194
77.0,1.1789069828879353,0.9860886110601828
78.0,1.1878300797562191,0.9964870891638227
79.0,1.1954887634312046,1.0117564536410166
80.0,1.2058730408840352,1.0249735265896875
81.0,1.2152143225530916,1.036859278630979
82.0,1.2246223162009693,1.0487012785133363
83.0,1.233679689085485,1.0586916245198905
84.0,1.2419670468343567,1.069692356999606
85.0,1.2513383692553568,1.083240453701292
86.0,1.2606603313962657,1.097462188020019
87.0,1.2699368608235098,1.107047157006603
88.0,1.2791169981770738,1.117221552987416
89.0,1.2885512818672977,1.1263190413099538
90.0,1.2976181346511417,1.1379300074526795
91.0,1.307335952928408,1.144498622899701
92.0,1.3182635472471569,1.1520579386834997
93.0,1.3273635772432895,1.1631025276260434
94.0,1.3375736138455874,1.1693268928040248
95.0,1.3467039748044878,1.177290685756051
96.0,1.356674464124433,1.1849011947973485
97.0,1.3672783073883146,1.1935003146520835
98.0,1.3775911701356285,1.2031477441912342
99.0,1.3864213518309043,1.2081758267471205
100.0,1.39607882495033,1.2172598763134903
101.0,1.4052522904671694,1.2228664209050917
102.0,1.4146818074177383,1.2331690174587266
103.0,1.423708934576765,1.2414856071291132
104.0,1.4327147923204289,1.252565813129615
105.0,1.4413201301863308,1.260548447187169
106.0,1.451290440307661,1.2696144551450916
107.0,1.4606588102537381,1.2761630531905603
108.0,1.4693872135110453,1.2851810576088365
109.0,1.4783857163942582,1.2929389509295737
110.0,1.488298782568792,1.3010159729007578
111.0,1.4983959666032183,1.3123509417505104
112.0,1.5084385136863618,1.3196170832609782
113.0,1.518532338566379,1.3294626851269737
114.0,1.5281522181334928,1.3373006320355634
115.0,1.5380787886649798,1.347036798114198
116.0,1.5472290118799816,1.3577709005896321
117.0,1.556980240457228,1.3698279507473523
118.0,1.5661616959523559,1.3782056867737156
119.0,1.575749173599636,1.388396086026301
120.0,1.5851788184561177,1.395728609393485
121.0,1.5952288624326616,1.4061400337721843
122.0,1.6041469565226547,1.4145551734516384
123.0,1.6135179739753904,1.4245952768381676
124.0,1.624371562245019,1.4337045019126777
125.0,1.6345170134667362,1.441900319694414
126.0,1.6444073302004591,1.4505504058695524
127.0,1.654638187051086,1.4604404995182811
128.0,1.6645201193137849,1.4694886255191837
129.0,1.6747302603671608,1.4774232101765965
130.0,1.6846354384613902,1.486053358554408
131.0,1.6950153533762453,1.4960790343703017
132.0,1.7052293316875964,1.5053481509946853
133.0,1.7149787719592022,1.515157264863649
134.0,1.725050147776133,1.5242762396984997
135.0,1.7342586001943172,1.533125217350825
136.0,1.743748580737949,1.54225553077822
137.0,1.7528423993975721,1.5506660020296406
138.0,1.7618177140418265,1.5581872511928045
139.0,1.7720078301818327,1.5672487245293465
140.0,1.7817547094512307,1.5752287208161877
141.0,1.790848230034716,1.5836956893367562
142.0,1.8004798404453197,1.5928127271978396
143.0,1.8094669314603422,1.6005625901309268
144.0,1.81943488709165,1.6098672438826185
145.0,1.829168583799208,1.61885650396907
146.0,1.8387903008379223,1.6267011519163064
147.0,1.8483795469985949,1.6355592667458128
148.0,1.8573564232585666,1.6435084014416157
149.0,1.8671163658308791,1.6513542299281316
150.0,1.8766221681900144,1.659430731056938
151.0,1.8860695203698916,1.6679737017251468
152.0,1.895004810405111,1.6761804678267622
153.0,1.9038192642394738,1.6835613147639812
154.0,1.9124794857613525,1.6892438830973808
155.0,1.9220064947501745,1.6973642496379329
156.0,1.9312626708129692,1.7043960743656092
157.0,1.9403952048069462,1.712964069429343
158.0,1.9491429616527625,1.7213335664631972
159.0,1.9579295020063257,1.7288750006885225
160.0,1.967173787828087,1.7363720884035754
161.0,1.9765192890858292,1.7441518842520232
162.0,1.9856042101323568,1.7521468108121319
163.0,1.9946076512066775,1.7594458596648548
164.0,2.003400943392847,1.767128532617261
165.0,2.011530038988513,1.774846301185236
166.0,2.019893078379697,1.7805244098874882
167.0,2.0284524278398517,1.7877171392444922
168.0,2.0368492367184636,1.7948324089434022
169.0,2.046234765294666,1.8026229572954007
170.0,2.0539430768003024,1.8091071361199065
171.0,2.0619715904606455,1.8163693054112322
172.0,2.0713075901484537,1.8247937319037728
173.0,2.0788843422756416,1.8318845793591558
174.0,2.0871168770217543,1.8396162761549277
175.0,2.0952384998704146,1.8452454665634201
176.0,2.10328140612032,1.8514276803757967
177.0,2.1116559035976215,1.860084363452306
178.0,2.1189771047524926,1.8653886060252702
179.0,2.1266139069478895,1.8717796219996412
180.0,2.1347884434055238,1.8797712433018958
181.0,2.142316487263992,1.887540535203085
182.0,2.149679735680246,1.8947118129212726
183.0,2.156729050802222,1.9005063736326697
184.0,2.1636354031722487,1.9052972468163087
185.0,2.171142056074007,1.9112906045374247
186.0,2.1789005378555877,1.9180947537456623
187.0,2.186121053390936,1.9231113956844235
188.0,2.1936924209329884,1.928652465226227
189.0,2.201056931628505,1.934809973835364
190.0,2.208180092223236,1.939548066920409
191.0,2.214665056949574,1.9445459583028777
192.0,2.2217093092359717,1.951189749655966
193.0,2.228149602878495,1.9549875104870162
194.0,2.234267441370628,1.960289792567063
195.0,2.240133792797187,1.9656091617189215
196.0,2.24633903235306,1.9722301101646558
197.0,2.2519577489846583,1.9764880308793176
198.0,2.258457965525981,1.982943026469087
199.0,2.264265439979262,1.9879880383392665
200.0,2.270353887384265,1.9931638173688606
201.0,2.2756074382992275,1.9978377483377328
202.0,2.2818566531154714,2.0030772969712842
203.0,2.2878002821464487,2.0079529208988207
204.0,2.2936563053022363,2.0133759993901075
205.0,2.3001538148610137,2.0188088527547334
206.0,2.3061791040257154,2.024552464865735
207.0,2.311865966239024,2.0303415506888918
208.0,2.3168738380567437,2.0335746768190885
209.0,2.3223216303035623,2.039040406425933
210.0,2.327887565863657,2.0439130258116043
211.0,2.3333041107984913,2.0485536550102097
212.0,2.338795412752792,2.054971443648192
213.0,2.3439666635086023,2.0594784053736968
214.0,2.3495292246769357,2.065141817976558
215.0,2.3551902127467743,2.070905557987719
216.0,2.3600934718052478,2.075707827442823
217.0,2.3653834723378426,2.081126337204707
218.0,2.3700428185753974,2.0857428997526277
219.0,2.3754932058795495,2.0915351312556103
220.0,2.380820999675677,2.096590469330015
221.0,2.3854850089478528,2.1012954616270187
222.0,2.3898315174427394,2.1065258071994544
223.0,2.3945513785322894,2.1117058050987723
224.0,2.399207297878712,2.116432095895762
225.0,2.4031780334518915,2.1204760962769287
226.0,2.4072092526302695,2.12449539907976
227.0,2.4114373680209393,2.129905286311849
228.0,2.416125174323496,2.13575875688523
229.0,2.4205353190296353,2.1399574048684
230.0,2.424270759549841,2.1427231758221943
231.0,2.428396730578809,2.1471373976653725
232.0,2.4322802101449366,2.1513309706860957
233.0,2.437131084588291,2.1573423010142383
234.0,2.4411434927172113,2.1626222254405407
235.0,2.4442934416845588,2.165690092106992
236.0,2.4475563311323016,2.169264148284266
237.0,2.451136295934439,2.172570658184184
238.0,2.4547776742097023,2.1758778225135567
239.0,2.459549068822321,2.181369846505362
240.0,2.4634906088159676,2.1852771584736104
241.0,2.4671522946544666,2.1885519353266103
242.0,2.4701226046298297,2.1917911305107696
243.0,2.4728899628778316,2.1951593561376717
244.0,2.4763946857224823,2.1991345221128213
245.0,2.4793767341423965,2.202384575459641
246.0,2.482513578312795,2.2065328283937413
247.0,2.485057095260461,2.2092993882004013
248.0,2.487691830131699,2.21295429306619
249.0,2.4907557754299487,2.2169429867945523
250.0,2.493102370208483,2.220011337973917
251.0,2.4953517029640184,2.2225723680009155
252.0,2.4975466412387877,2.225174690996173
253.0,2.500124215653005,2.228018013783081
254.0,2.503014782235825,2.2317039907831697
255.0,2.50538541951435,2.2343518308488424
256.0,2.5082714798450487,2.237376228105492
257.0,2.510895896175006,2.2408137471236573
258.0,2.5126509868389735,2.2430698190446607
259.0,2.5156536857154768,2.2470165184895468
260.0,2.5181064050623183,2.2502031362156725
261.0,2.520420028202822,2.253845728075029
262.0,2.5218351733916418,2.255834595504183
263.0,2.5235037280182215,2.2582298049674794
264.0,2.5254274489976307,2.2613722609235705
265.0,2.527482578301168,2.263654941490511
266.0,2.5294259221923494,2.265822816883328
267.0,2.531059905213156,2.2686028156581104
268.0,2.533048565203006,2.270875175710991
269.0,2.535342241883448,2.2735254605225537
270.0,2.5372861445870827,2.275663531011438
271.0,2.5390956255502912,2.277355992988201
272.0,2.540580728213425,2.2789175136591195
273.0,2.5425781253006474,2.2809005262264685
274.0,2.5438456518005355,2.2824262101126394
275.0,2.545534225899493,2.284608699412389
276.0,2.5469175826651584,2.2859295310184793
277.0,2.548384731499349,2.287923022810376
278.0,2.5502891580516223,2.290382422936757
279.0,2.5519686083987976,2.2918575022191288
280.0,2.5537215002732068,2.2936618249083818
281.0,2.5553245491183123,2.295289684769984
282.0,2.5569393448335704,2.2975707327373938
283.0,2.558208529718214,2.2992681199985157
284.0,2.5594337951920973,2.3009828102228056
285.0,2.5605892529101277,2.3027412894130563
286.0,2.561722890693761,2.304189881783711
287.0,2.5624862667069106,2.3053887253528593
288.0,2.563288616686146,2.3078067050590017
289.0,2.56368055280672,2.309226066993121
290.0,2.5637586061251127,2.310722907871437
291.0,2.563598867872608,2.3119681514657398
292.0,2.564133326041369,2.312998994227251
293.0,2.564874850472752,2.314788820273198
294.0,2.5647731705263555,2.3159543893176213
295.0,2.5648050623041225,2.316915549413154
296.0,2.565155904927443,2.3183972466774074
297.0,2.5658758417084027,2.320157660092452
298.0,2.5665153758751638,2.320983457144586
299.0,2.567429074079722,2.3221006827316373
300.0,2.568655056745248,2.3223108291553007
301.0,2.568522899283457,2.3230578745136574
302.0,2.5689224992547453,2.323194465654998
303.0,2.5693881896027193,2.323429425796803
304.0,2.5698487414787574,2.3235281107405505
305.0,2.569766869645667,2.3229005826371543
306.0,2.570119088202362,2.3228268938122296
307.0,2.570146795318222,2.322920141898835
308.0,2.569909054049595,2.322810430561619
309.0,2.569690844440016,2.322724960706096
310.0,2.5698924440770363,2.3223907426334884
311.0,2.56972678050509,2.3217233082547413
312.0,2.569256321881008,2.3211931081613573
313.0,2.5690351693577056,2.3209350051421147
314.0,2.5686038425454107,2.3205299498184164
315.0,2.568146453118483,2.32045872424076
316.0,2.567748727253354,2.3192328150442885
317.0,2.567206963180118,2.3187744399426276
318.0,2.5665743362130495,2.318610952083792
319.0,2.5665536334445282,2.3180826481311927
320.0,2.565859980642196,2.31738010724854
321.0,2.5652669945393116,2.3172478037349666
322.0,2.5650025865095945,2.3168352485304498
323.0,2.5650309563061917,2.3165869585455434
324.0,2.564369129553308,2.316114012494798
325.0,2.563649557674502,2.3152713184907485
326.0,2.5631565016765907,2.315133721066858
327.0,2.5626052475722796,2.3148821865973
328.0,2.5618307884819544,2.314284336368554
329.0,2.5613625738035717,2.313836279419359
330.0,2.5605309336709747,2.312844062667139
331.0,2.5598906515899644,2.312480530676088
332.0,2.5592672772480776,2.3124387322337006
333.0,2.5587124597611193,2.3117230754204376
334.0,2.5577524048349045,2.3110952031316483
335.0,2.5569647474819432,2.31048111032412
336.0,2.55632436702496,2.3098463200414328
337.0,2.5555879618274098,2.3093332825066737
338.0,2.554721367686453,2.308676433277582
339.0,2.5538072334195427,2.307225008654645
340.0,2.552677886964167,2.305936732663393
341.0,2.5516759698825004,2.305136662996601
342.0,2.550263442422386,2.3037673998943093
343.0,2.54882378174415,2.302741093390437
344.0,2.5477423165668975,2.301306307235328
345.0,2.5463686130377177,2.299709718035471
346.0,2.545063961142931,2.298090218145278
347.0,2.54369665213924,2.2966212403410875
348.0,2.5423854690870216,2.295282835610326
349.0,2.541240465253566,2.29398479147316
350.0,2.5400599617972985,2.293524658962835
351.0,2.5385432542805946,2.2930394062636834
352.0,2.5371421667941374,2.2919520010714782
353.0,2.535861345657564,2.2906582616618607
354.0,2.5344741271217845,2.289314801356065
355.0,2.5333729361309985,2.2887527392377782
356.0,2.531798455708106,2.287462268150448
357.0,2.5301828827216624,2.286335576966753
358.0,2.5289734458609674,2.2847719650684546
359.0,2.5277687525041586,2.2837167392129913
360.0,2.526591003283062,2.282426762319905
361.0,2.52489858148609,2.280787755001361
362.0,2.5237349414834136,2.2796732999046947
363.0,2.522315721281622,2.2785391363064207
364.0,2.5213559628484137,2.2782790148968948
365.0,2.52015084897089,2.2770931301833963
366.0,2.5188093702409096,2.275763185761904
367.0,2.5173135784139316,2.2741798233270574
368.0,2.5159307439673735,2.2733791978263094
369.0,2.5146190561095447,2.2723468803323597
370.0,2.5133179702091923,2.2708157294320985
371.0,2.51195116239166,2.2691501220782273
372.0,2.5107161996592646,2.2677216985725988
373.0,2.5095845304401236,2.2663834746146483
374.0,2.508337546151776,2.2654109969415126
375.0,2.506836732582753,2.264108581314704
376.0,2.505431898471916,2.262420312014874
377.0,2.503771686548061,2.260717269831014
378.0,2.5022526606994946,2.2593480179179224
379.0,2.500932811913588,2.258557821649134
380.0,2.499425504620694,2.2571915663512883
381.0,2.4979262479605775,2.255805727599868
382.0,2.496535646161903,2.2549922628374013
383.0,2.4951934036655024,2.2547661099199017
384.0,2.4934654576060113,2.2533483296797217
385.0,2.492078824249005,2.2530204599470913
386.0,2.490901835940395,2.252228951998532
387.0,2.489356948949313,2.250843436205221
388.0,2.4881877730514534,2.249991459734387
389.0,2.4867322914721313,2.2489153195858735
390.0,2.4850243829512273,2.2480221501610016
391.0,2.483605155682986,2.247389389655753
392.0,2.482491708302803,2.246997607499937
393.0,2.48090498810543,2.246401055263936
394.0,2.479491102186894,2.245776040636332
395.0,2.478342212363909,2.2452038284552707
396.0,2.476741762048735,2.2442934943636015
397.0,2.4754673821660895,2.243657133968531
398.0,2.473973955888407,2.2437504292619836
399.0,2.4724090098410523,2.243365557888054
400.0,2.471178430728231,2.2422855785483646
401.0,2.4701176871676123,2.2421645054454897
402.0,2.468521239032883,2.2416794918667318
403.0,2.467636674131489,2.2415120521331655
404.0,2.4671177487009177,2.2411849451515176
405.0,2.4659033275960174,2.2413088275322277
406.0,2.464973439510617,2.241455385686063
407.0,2.4636865360184967,2.2417504205235153
408.0,2.4625636489029428,2.242058502970562
409.0,2.4616764184058,2.24235187224789
410.0,2.4604525455873505,2.2430405435174627
411.0,2.4597605440427257,2.243281650124814
412.0,2.4583926826461684,2.243795890855707
413.0,2.4573243608403494,2.2438677944352587
414.0,2.4564432505083875,2.2439415217411955
415.0,2.4552796875752207,2.244355217810684
416.0,2.4541235959046146,2.245172657167326
417.0,2.452928467210067,2.2453439777640263
418.0,2.452152301355234,2.245586682408093
419.0,2.451241015996527,2.2454041510600984
420.0,2.450469242415513,2.245889373327797
421.0,2.449626960306131,2.2462222057446004
422.0,2.4485359862608305,2.246439070399231
423.0,2.447696916034841,2.247308755247616
424.0,2.4469157682302507,2.2483666290515236
425.0,2.4461263847821395,2.248865645470657
426.0,2.445175566462842,2.2494692500123525
427.0,2.4442733219627257,2.250124340062996
428.0,2.44343039141249,2.2509625530965955
429.0,2.442263499148366,2.25240993983523
430.0,2.4417129112353573,2.2530755931921203
431.0,2.4408944284984226,2.2531180604518806
432.0,2.439868380765107,2.2541360780688997
433.0,2.439084141408022,2.2548546328251087
434.0,2.4389146272495563,2.254991150639083
435.0,2.438383383749928,2.2549096932805837
436.0,2.4376376331323466,2.255042167372528
437.0,2.437426837606875,2.2561630514510407
438.0,2.436845858176576,2.2574095471289253
439.0,2.436791361034444,2.258414350356621
440.0,2.4366889697019265,2.2597369041720796
441.0,2.4357196317772,2.2611488705358997
442.0,2.4350255472610067,2.263309746441162
443.0,2.434523881376652,2.2656243865351335
444.0,2.433948894276779,2.266900264413173
445.0,2.433041214039297,2.2690802251705353
446.0,2.432677967078365,2.2710569692484928
447.0,2.432246085568725,2.272900935237069
448.0,2.4324228010161097,2.274037581816869
449.0,2.4317811423055273,2.2760430113628747
450.0,2.431041448376407,2.2775024313977896
451.0,2.4306706815465398,2.2799121707216052
452.0,2.4298907210975473,2.281874487064047
453.0,2.4300227070345923,2.283011267052351
454.0,2.4298379167413495,2.2854954136980696
455.0,2.4298090903539697,2.2878592643850704
456.0,2.4290878114486056,2.290093181095429
457.0,2.428972637157097,2.2925401776944367
458.0,2.428997638500676,2.2940119488038553
459.0,2.428906691929668,2.296197041978985
460.0,2.429175096961628,2.2984952393919897
461.0,2.428328868982703,2.301819355204332
462.0,2.4282911961548095,2.3041619134116136
463.0,2.428281595611439,2.3060349093995454
464.0,2.4280759865650663,2.3091254669733656
465.0,2.427687259795735,2.311595744848441
466.0,2.4284717013718127,2.313677479110056
467.0,2.428244031501264,2.3156329304178174
468.0,2.4286143947042254,2.3173024157338116
469.0,2.4289445391543016,2.3189021629609075
470.0,2.4294547545629364,2.320973406282558
471.0,2.4299296351971544,2.322346745769318
472.0,2.430100355345768,2.3242795613041514
473.0,2.430357868239064,2.3265988954067796
474.0,2.429744415978355,2.3281284008512726
475.0,2.429676270490219,2.3296271575787104
476.0,2.4294440857473125,2.3318284752650467
477.0,2.4296306931650467,2.33442208564595
478.0,2.429965731334348,2.3365979197854436
479.0,2.4306811170985556,2.3374495767058523
480.0,2.4312169122180696,2.339182186509106
481.0,2.4320159033033724,2.3401477864974343
482.0,2.4323629587930724,2.3405355875382874
483.0,2.4320892590743823,2.344260636674732
484.0,2.4319397206624482,2.34708761349773
485.0,2.4319314476824414,2.349242332035746
486.0,2.4312513443925017,2.353068568093077
487.0,2.4313482681780076,2.3565004534616776
488.0,2.4318238233680596,2.3594384828663024
489.0,2.4318764123735974,2.3628452065427865
490.0,2.432174979333088,2.3653213617342423
491.0,2.432442844331341,2.367732013534945
492.0,2.43267334076796,2.3707954047492725
493.0,2.433016952478656,2.372745115958134
494.0,2.434018689785914,2.3758654402705464
495.0,2.4352434007796124,2.3768485320593298
496.0,2.4362937861558214,2.378415372124464
497.0,2.43689584285834,2.380399487442265
498.0,2.437355338884113,2.382027337874086
499.0,2.438499315288574,2.3839180547157452
500.0,2.438630052968789,2.386954920730334
501.0,2.4393992838879583,2.389016048024139
502.0,2.4397059171308864,2.390760555790343
503.0,2.440129163250589,2.3931980665865114
504.0,2.440172386164434,2.395151505883982
505.0,2.440769198335019,2.3977257776672873
506.0,2.441848150084156,2.3991429503719335
507.0,2.4415086650569755,2.4021347002335407
508.0,2.4412676418781767,2.4061108800179873
509.0,2.4420959673335103,2.408759038010589
510.0,2.4432005672377755,2.408595378719525
511.0,2.443794090503384,2.4102408712383845
512.0,2.4445193740804547,2.4112045746323902
513.0,2.4450174835567413,2.4122588564675453
514.0,2.4450542133005606,2.414118668530609
515.0,2.445987063735666,2.414868581325445
516.0,2.446484203069069,2.4175773275565975
517.0,2.447016464002275,2.4198528971308706
518.0,2.446933436119628,2.422473653903417
519.0,2.4474715157034685,2.425037649182828
520.0,2.4483906703282763,2.425771139923226
521.0,2.4488244131592403,2.426750366440759
522.0,2.449134317054376,2.4274198577963766
523.0,2.449772915181172,2.429452795253729
524.0,2.451189084104196,2.4288569531646873
525.0,2.451579033373121,2.4306210533549866
526.0,2.4517733712295278,2.432957662121166
527.0,2.45228896866637,2.4342840673996555
528.0,2.4533904076717463,2.4333434155765596
529.0,2.4545127029325955,2.432592551853287
530.0,2.455325838293836,2.4317586473227886
531.0,2.456314379038839,2.431367756718439
532.0,2.4563577012066915,2.4340072186156343
533.0,2.4564559666444388,2.434849784285695
534.0,2.4570824802597087,2.4341599090299555
535.0,2.4574802930751893,2.4339315770878036
536.0,2.4571872645521227,2.4369039248587727
537.0,2.4576207439275155,2.4376798700607054
538.0,2.4584372416160756,2.437499522025142
539.0,2.458686939132752,2.4368475641082847
540.0,2.4581165224609345,2.438104322256227
541.0,2.4582320171540704,2.439724283069281
542.0,2.458858066786919,2.440373705713622
543.0,2.4588243281625544,2.4424398240466463
544.0,2.4588777817234444,2.442255475741999
545.0,2.4592859415919195,2.4440952415497117
546.0,2.459443612490016,2.4454222314549963
547.0,2.4595127034501014,2.4456699868030496
548.0,2.460209969274519,2.446248303581571
549.0,2.4606509526672506,2.446951527148351
550.0,2.4617154952205933,2.4458128773319263
551.0,2.4625290086471345,2.4451661781018226
552.0,2.463188071172293,2.444700660062667
553.0,2.4638045128507486,2.443853278179744
554.0,2.463933512030693,2.4445733699176824
555.0,2.464251425035278,2.4439584182139313
556.0,2.464591099447541,2.442983988551803
557.0,2.4648910286220076,2.441705156239358
558.0,2.465141266451684,2.4412377853776865
559.0,2.465043308129965,2.4419009839830412
560.0,2.4650728277414755,2.4414411282233575
561.0,2.4653794628721863,2.4395288320620647
562.0,2.4647137649706212,2.4417079553883534
563.0,2.4652440049090947,2.4399304087859903
564.0,2.4653306071914343,2.4385013339753208
565.0,2.465762326085415,2.4367428611504014
566.0,2.46590227916553,2.4349568760551525
567.0,2.4665424744313595,2.43205158455022
568.0,2.466777997204919,2.4306124930958726
569.0,2.4669694646488707,2.428679535352625
570.0,2.4673091055551906,2.4262520708710227
571.0,2.4672941237599226,2.4241452794076848
572.0,2.467281021885853,2.4227310901289787
573.0,2.4676952340699185,2.4229227209576356
574.0,2.4678206600925727,2.4229091776686005
575.0,2.468089866374394,2.4218083925653957
576.0,2.4681893740973817,2.4208112678739218
577.0,2.468156541789342,2.4199107667573116
578.0,2.4680217037623318,2.4198862736956954
579.0,2.4684339177170993,2.417835354278302
580.0,2.4680395096660037,2.4174058470666733
581.0,2.46765066796127,2.4167948610924075
582.0,2.4678247596635488,2.4152044534869024
583.0,2.4677406213690967,2.4122284445101165
584.0,2.4675129095133506,2.4110994558549477
585.0,2.4673250244668345,2.408878615723168
586.0,2.467063331372859,2.408329222891906
587.0,2.4670121647715453,2.4064078722148166
588.0,2.4667063114425063,2.4056548066725103
589.0,2.4671919050669926,2.4044858138217133
590.0,2.4679263730916805,2.401408605843484
591.0,2.468160343839843,2.3997015853216626
592.0,2.468695848952362,2.396266828147242
593.0,2.468949127064403,2.3941996532805696
594.0,2.4695231872080226,2.3915125115205944
595.0,2.4696426428834806,2.389726067985273
596.0,2.4696557384729796,2.38729355112976
597.0,2.469689233047508,2.3849943594418743
598.0,2.469696255859604,2.383161211400104
599.0,2.469911431859106,2.3816218805590976
600.0,2.470483585777006,2.3780138147841585
601.0,2.4709701395705324,2.374250642059822
602.0,2.4715011967279534,2.370646864320898
603.0,2.4718184926600437,2.368635192840866
604.0,2.472219864896526,2.365219735459813
605.0,2.472553715669298,2.3612395204265892
606.0,2.4731611870969665,2.358118304306551
607.0,2.4737502213202855,2.3554079193515456
608.0,2.474094968983455,2.3519692109188775
609.0,2.4748651574730784,2.348644455176066
610.0,2.47513995924091,2.346628769015573
611.0,2.475749986130382,2.3438418434148476
612.0,2.47650014967399,2.3402550205425996
613.0,2.476795212591872,2.336656817842698
614.0,2.4769254708310804,2.3336235317390717
615.0,2.47742869680826,2.3303334536918436
616.0,2.477921820304071,2.327841774544037
617.0,2.478416958147258,2.3251335527683974
618.0,2.478847555505545,2.322620026854162
619.0,2.4791285651059844,2.319801223175519
620.0,2.4794223696124136,2.317477132902801
621.0,2.47953158212366,2.3141191965533254
622.0,2.4797616330594066,2.3121041773703173
623.0,2.4803640030970264,2.309013749946402
624.0,2.4807153776810122,2.3065743380709076
625.0,2.4810626539889604,2.3041138722467993
626.0,2.4814899739303495,2.302264122799124
627.0,2.482108487964757,2.299710125979053
628.0,2.4821864812711874,2.2974309148829892
629.0,2.482779012069615,2.2947373049914237
630.0,2.4830950610795033,2.292400834541901
631.0,2.483719778943555,2.2901432721409893
632.0,2.4842159291117945,2.2874949713706014
633.0,2.4846707386740046,2.2843256932821445
634.0,2.4850184033578433,2.2817952190328095
635.0,2.4855365793630213,2.279023189301774
636.0,2.485887547492209,2.2761304256913633
637.0,2.4866523507815357,2.273005569085413
638.0,2.4873122105387795,2.2689110192006785
639.0,2.487782441720003,2.2662753235131463
640.0,2.488456346639748,2.2628085411957537
641.0,2.4891756466453905,2.2598148667537696
642.0,2.489819120095927,2.256969950911315
643.0,2.49053088892449,2.2540641523827416
644.0,2.491450432391796,2.250932310344666
645.0,2.4920089806260854,2.248312183722332
646.0,2.492541803945917,2.2459089305619653
647.0,2.493248128062001,2.2432216112588907
648.0,2.4941764978595367,2.2398153162432237
649.0,2.4948870036271744,2.2365352967126144
650.0,2.4956699307560988,2.232933764587874
651.0,2.4962222355641415,2.23042651918622
652.0,2.4971284453223066,2.227209203301274
653.0,2.4976758216374595,2.2241295311304574
654.0,2.498503454747353,2.2208639666233285
655.0,2.4990591093747017,2.218750723218104
656.0,2.499751722658879,2.2161822263782485
657.0,2.500343254012261,2.2134794859898577
658.0,2.501247415981849,2.210512960948101
659.0,2.5018030747525666,2.207838139353533
660.0,2.5022460091444145,2.205828253858141
661.0,2.5026925940194675,2.203946698288033
662.0,2.5032957658919193,2.2016950730886693
663.0,2.503743490156547,2.1994292644958238
664.0,2.5042273682578617,2.197042423432481
665.0,2.5047072672378814,2.1949496102297124
666.0,2.505119444547002,2.1926575546706886
667.0,2.505550095522683,2.1908551650307375
668.0,2.5061172870175787,2.1890875084237233
669.0,2.506720486516465,2.187161211275832
670.0,2.507144003383633,2.1850985595916903
671.0,2.5075016361991174,2.183178508110137
672.0,2.5079117203530754,2.181726515715283
673.0,2.50868896598267,2.1800712344231954
674.0,2.509056079700656,2.178293501097161
675.0,2.5094272377513827,2.1765433285620635
676.0,2.5100798084535176,2.1750181541387175
677.0,2.5101125773678024,2.1746747584638824
678.0,2.5106539219399764,2.1734353086665292
679.0,2.511136062234289,2.172091710859264
680.0,2.5112689851838526,2.1706335180732177
681.0,2.511877727081725,2.169169764158501
682.0,2.511921711997411,2.1678296614020294
683.0,2.51228835708177,2.166592429915209
684.0,2.5125492225953714,2.1649396009347504
685.0,2.5130194824321928,2.162616353369745
686.0,2.5132783677650723,2.1613080959990834
687.0,2.5135779407224277,2.159516730165838
688.0,2.5138443079493973,2.1575662178837307
689.0,2.5140849996646724,2.1558439451872644
690.0,2.5142068355345564,2.1539570997779727
691.0,2.5144135383608752,2.1529142645301658
692.0,2.5145631601159004,2.1512395496111925
693.0,2.5146348190823704,2.1498220419972114
694.0,2.514793970311013,2.1487761523586197
695.0,2.5149305689024377,2.147679855768847
696.0,2.5152522061830007,2.146734370304463
697.0,2.515283551234012,2.1455131281334143
698.0,2.515266362983822,2.144211328555981
699.0,2.5154080382789505,2.1429374122736897
700.0,2.515629202452557,2.141699747023261
701.0,2.515760431458415,2.1415159278819065
702.0,2.5157080470089688,2.1409759683000997
703.0,2.5159002345336696,2.1403791643271086
704.0,2.51551218958718,2.13996562718277
705.0,2.515158681847664,2.1393838903840994
706.0,2.515307755425052,2.1396976713255293
707.0,2.5153823970926052,2.139510775625933
708.0,2.5152117445450646,2.139380132119337
709.0,2.515159576788482,2.139521096606342
710.0,2.515279792931943,2.140484839637625
711.0,2.5150571322689625,2.14084513022172
712.0,2.5147141108195017,2.1407177878052037
713.0,2.514321109606078,2.1404763023984588
714.0,2.51429283255683,2.140675297179924
715.0,2.5138617922297994,2.140753867888316
716.0,2.5134845268746178,2.140351111750757
717.0,2.5131583899699637,2.140844270998903
718.0,2.5129062230287076,2.140818317494685
719.0,2.5126583649192984,2.1412202447815813
720.0,2.512452417991499,2.141585861317516
721.0,2.5122304654534413,2.143095900640688
722.0,2.5118123747152588,2.144312786175899
723.0,2.5115991111853937,2.144602517753368
724.0,2.510813003246167,2.1449266256100135
725.0,2.510348024380006,2.1456134095366943
726.0,2.5098670088820176,2.14654504814089
727.0,2.509359738615266,2.1468812436526727
728.0,2.5089641492086137,2.1474271361989965
729.0,2.508737556458552,2.1482279888333906
730.0,2.5084586753957105,2.1490422252138197
731.0,2.507872072041341,2.1496837643573095
732.0,2.5075543805503444,2.1501130245011115
733.0,2.507122374689634,2.1510565691549655
734.0,2.506294514275094,2.15145305405853
735.0,2.50589771392805,2.152132736284476
736.0,2.5052905652829214,2.1532934925811196
737.0,2.5043546651382775,2.1542819580698724
738.0,2.503486443041849,2.155227350447925
739.0,2.5028647930265926,2.155989154777939
740.0,2.501739481236587,2.157260072346123
741.0,2.500826996266048,2.1583490236167453
742.0,2.5000601198717165,2.1597775187757957
743.0,2.4993494308406254,2.161398634927945
744.0,2.4983253326306816,2.163134577226728
745.0,2.4978576451697414,2.16450383174792
746.0,2.497285401782514,2.1660147355093446
747.0,2.4967404702363227,2.1679446695736404
748.0,2.495791171855534,2.169758004096834
749.0,2.4949537666865695,2.1710943721563227
750.0,2.4941308193148592,2.173166175043594
751.0,2.493280919690421,2.1745227958915248
752.0,2.492437892321108,2.176241976793741
753.0,2.492053011334431,2.1782904701882266
754.0,2.4911856970284103,2.1800835101465186
755.0,2.4902285820398555,2.181671856474421
756.0,2.4894182604359654,2.1832879076418896
757.0,2.4882042181085655,2.185308795690675
758.0,2.4875948032232347,2.187300323797487
759.0,2.4864597115306664,2.1888900291996354
760.0,2.485916465786532,2.190737198369269
761.0,2.4854061584622977,2.1917976476705947
762.0,2.484686567886298,2.1937057880190114
763.0,2.483978417194111,2.195229689582238
764.0,2.4832997660976375,2.1972931123323756
765.0,2.4826798557050713,2.1985231538347563
766.0,2.482069123205197,2.1999861414406876
767.0,2.481174460252391,2.2019910019991693
768.0,2.48060906991075,2.2041144967365316
769.0,2.4802163336389906,2.2054105304138263
770.0,2.4798154275525377,2.2069276212549926
771.0,2.47940026555958,2.208965134726724
772.0,2.478836418017165,2.2109525902465332
773.0,2.4783638471404226,2.214079827472255
774.0,2.4777220047271493,2.2160716799274356
775.0,2.4773088125075846,2.217670117025185
776.0,2.476619475131521,2.2206258347405816
777.0,2.4761639695547335,2.222621629757766
778.0,2.475343391760957,2.2249869463830194
779.0,2.474747069842247,2.227268201563427
780.0,2.474072914775883,2.229009036399196
781.0,2.4729709604715233,2.231015999415563
782.0,2.4724440426024663,2.2335296253723165
783.0,2.471985782236913,2.2362194450080324
784.0,2.471012646874313,2.238556139081785
785.0,2.4701203796008673,2.2405296566668413
786.0,2.4697142862170587,2.242361448339051
787.0,2.46936119575048,2.2444691794332794
788.0,2.4686888027002714,2.2458958976330443
789.0,2.467747362883844,2.247847813261145
790.0,2.4670277708601214,2.2488392932083805
791.0,2.4659745918773632,2.2507762284317154
792.0,2.465107467973558,2.252858493569395
793.0,2.464813221363597,2.2546992124318246
794.0,2.464140052848304,2.256590296624278
795.0,2.463765843874311,2.2578510223589747
796.0,2.4628229193559132,2.2593086547833856
797.0,2.4624000692633388,2.2610958985916962
798.0,2.462124435646265,2.2625668629546167
799.0,2.461882689819796,2.2637306072461003
800.0,2.461556479241452,2.2656982835651878
801.0,2.461553489962366,2.267351779694917
802.0,2.4609157829708717,2.2692344149706143
803.0,2.4600648373974594,2.271150690760032
804.0,2.459543554605078,2.273149458802842
805.0,2.4592007084324905,2.275252392710704
806.0,2.4592030793954307,2.277351911006275
807.0,2.458722731672977,2.2790965672100567
808.0,2.458400821161787,2.2811657319305017
809.0,2.458117381082124,2.282929645052265
810.0,2.4577231694808743,2.2849127952826516
811.0,2.457078109484627,2.286921703773956
812.0,2.4575132986896846,2.2884605821802904
813.0,2.457126163533529,2.2907767651427138
814.0,2.456729132915962,2.293560344868135
815.0,2.456291764747638,2.296554234286959
816.0,2.4553930560497843,2.299064695528503
817.0,2.4557694461905175,2.300012213046198
818.0,2.4557416358494377,2.3015758069537053
819.0,2.4559012169604384,2.3029135789300605
820.0,2.4556637189369774,2.3048188696918617
821.0,2.4553478546661482,2.305679759272379
822.0,2.454673687193904,2.307868954365694
823.0,2.45438648056557,2.309227109645037
824.0,2.4540840864923648,2.3111771242928434
825.0,2.453383623716813,2.313019187834831
826.0,2.4530413686116623,2.314394524883898
827.0,2.452926405278715,2.3155436354143806
828.0,2.452847544041509,2.3165846617017403
829.0,2.453063438779832,2.3179679020768758
830.0,2.4528041370415212,2.3192761777073683
831.0,2.452975429376794,2.3203096304978885
832.0,2.452323009737017,2.3216100324157862
833.0,2.4523312150037917,2.3219469422501433
834.0,2.4515193598101166,2.3239178705605514
835.0,2.4511281748296483,2.3248862419016323
836.0,2.4516561994720987,2.325553623709119
837.0,2.451391378214375,2.326240500027799
838.0,2.4516978199439152,2.3263053355490912
839.0,2.4515638473907826,2.327448552836695
840.0,2.4516254296342304,2.328354848175855
841.0,2.4514880447639658,2.329235178297556
842.0,2.451318766438778,2.3301462661533217
843.0,2.451104057179787,2.3310333672044514
844.0,2.4505179966749626,2.3328097194002027
845.0,2.4502270652407763,2.3334363388727333
846.0,2.450054721746562,2.3337887961662807
847.0,2.450151087732464,2.333892690266172
848.0,2.450165243813325,2.333974364621059
849.0,2.449444542220145,2.334969506071376
850.0,2.4495794921776604,2.335319940400037
851.0,2.449465340949583,2.3356364415709985
852.0,2.448875241409702,2.336827674487159
853.0,2.4487634155892746,2.3374585112623327
854.0,2.447734171675819,2.3389279099242852
855.0,2.4475719504208535,2.339245408946506
856.0,2.4484336918288734,2.338710786153878
857.0,2.4482914758691283,2.3390328903492614
858.0,2.447923597258513,2.3394838018427695
859.0,2.447964549990279,2.339404056576724
860.0,2.4470516374912368,2.3405999004443423
861.0,2.4464187541997564,2.340865879508259
862.0,2.446619119674707,2.341454454852914
863.0,2.447063740586896,2.341158155867923
864.0,2.4476697351178327,2.3405576597812026
865.0,2.4478274608666903,2.340837238073755
866.0,2.448106924598683,2.3402838142210163
867.0,2.448536988202904,2.339744161127552
868.0,2.4484089186084055,2.3402866110562766
869.0,2.4480839963164365,2.3407890923491097
870.0,2.447024901920974,2.341813733816858
871.0,2.4457833567491414,2.3429043380433034
872.0,2.4451668904123895,2.3432565197532886
873.0,2.4446402926128763,2.3436058192261484
874.0,2.4445338110415467,2.343591966657139
875.0,2.4443664963937666,2.3434534547843446
876.0,2.4441877109703554,2.343415122006264
877.0,2.4437986497963555,2.34421195008347
878.0,2.4436610759980097,2.343705022671964
879.0,2.4434815069267666,2.343097555091809
880.0,2.4430183803503276,2.342713937416942
881.0,2.4424596271253383,2.3430308344720334
882.0,2.4420525855769304,2.341912264912163
883.0,2.4419709180972227,2.3416031692210124
884.0,2.442069869328458,2.340691763500886
885.0,2.4422594224982044,2.3402746750847436
886.0,2.4426267092733065,2.3385010870892575
887.0,2.442898818966326,2.3373522786629204
888.0,2.442778736000614,2.336089026007402
889.0,2.442860800916643,2.335101246412659
890.0,2.442660036704998,2.3346140958423423
891.0,2.443417779066584,2.3330702761244124
892.0,2.4435489418022165,2.3324468975880386
893.0,2.443347697584527,2.33163791009496
894.0,2.4428681627707425,2.330544315845917
895.0,2.4429174243286296,2.3302663710485136
896.0,2.4422847556167935,2.329639774864126
897.0,2.441750902938524,2.3291404872984005
898.0,2.4413659129356953,2.3282193492462246
899.0,2.4417916241407482,2.3269939865088194
900.0,2.4409336891340723,2.3269143624242687
901.0,2.441682591300406,2.325998138003129
902.0,2.4418033483283668,2.3248848069413057
903.0,2.4419596319712435,2.323816238139562
904.0,2.4416121736469574,2.322469796839159
905.0,2.4420696301335187,2.3205070991340992
906.0,2.441427943842981,2.3197980065166446
907.0,2.440797933947616,2.3187234701784156
908.0,2.4408470158915483,2.318057784174986
909.0,2.4406412317084145,2.316663996908505
910.0,2.440065134088653,2.316228409047656
911.0,2.4395763298769557,2.3151159593706847
912.0,2.4400207914117624,2.3137436366941166
913.0,2.4402866232722142,2.312217331912854
914.0,2.44032615962521,2.3114294665656354
915.0,2.4399100930377857,2.3105891111192918
916.0,2.440341030004688,2.309742537774288
917.0,2.440861831829417,2.3075625538476263
918.0,2.4416132835465847,2.3058790676112464
919.0,2.44149201488746,2.3047944905418865
920.0,2.441939496417636,2.3033880892189176
921.0,2.442430141765921,2.3024229508209944
922.0,2.4423942263061176,2.301646329560149
923.0,2.4421856480528317,2.3004023305931733
924.0,2.4418934070980836,2.2996731759439095
925.0,2.441984891127131,2.298635607935
926.0,2.442341637660079,2.2974911718058557
927.0,2.442074445587402,2.2964623282308656
928.0,2.4421720454758464,2.295849217118854
929.0,2.44189097051523,2.295336714305444
930.0,2.4415478358576186,2.294243683616587
931.0,2.4419254156052603,2.2933059072798097
932.0,2.44254511793557,2.2916031134885904
933.0,2.443070678205447,2.2910333493686847
934.0,2.442953308584984,2.291125460713899
935.0,2.4437958419500925,2.289602756903407
936.0,2.4441352898117072,2.2883256787464976
937.0,2.444846245192469,2.287011510865524
938.0,2.445025542768069,2.285589927033354
939.0,2.444687069902056,2.2840033474114074
940.0,2.4445130799063537,2.283006913314617
941.0,2.44426949948898,2.281138508757735
942.0,2.4446134034416502,2.2792642763905198
943.0,2.4447886347009193,2.278275154421035
944.0,2.4450454122036542,2.2767727531217608
945.0,2.4451486468414534,2.275863422976756
946.0,2.44565837460829,2.274198545480526
947.0,2.446304970895167,2.27302849496179
948.0,2.446882212722899,2.2716234741397763
949.0,2.4472634203569994,2.2698054192662607
950.0,2.448019924187892,2.2679452358903474
951.0,2.4484330483065633,2.266810850560055
952.0,2.4488977004596406,2.265320829331614
953.0,2.449574008740823,2.2645139721174727
954.0,2.4496972152607293,2.2640086863594675
955.0,2.4506726128218137,2.2627354012632894
956.0,2.450778518259333,2.2619896670865316
957.0,2.451751200276774,2.260603557229426
958.0,2.453021894085436,2.2591378497615056
959.0,2.453454454224366,2.2586027897853374
960.0,2.45407248572484,2.2579407223979384
961.0,2.4540850565418664,2.256556833103194
962.0,2.454755800594617,2.2554507232495604
963.0,2.454898619218552,2.254433682522971
964.0,2.4556405222583964,2.2534001011570544
965.0,2.4561196786468837,2.2518706768739207
966.0,2.4573268371375145,2.25024586841624
967.0,2.458312212997447,2.248902023876507
968.0,2.458998701987254,2.247754325818188
969.0,2.4597529583103777,2.247137165442683
970.0,2.4602623376262653,2.245499147793776
971.0,2.460765802920797,2.2445485513397836
972.0,2.461998512537621,2.24297023915258
973.0,2.4626714486694543,2.2419264508767602
974.0,2.4630739791142715,2.2405522039820953
975.0,2.4637605460239587,2.239158713008681
976.0,2.464742392272079,2.238082657041785
977.0,2.4655038663732545,2.2373431320186423
978.0,2.466237778227386,2.2367821576031988
979.0,2.4670883171517324,2.236718858402469
980.0,2.4676767149781336,2.2361986272392986
981.0,2.4683455899052564,2.235747498119772
982.0,2.4689531202651582,2.235417657160186
983.0,2.4699245586743066,2.2349120841533585
984.0,2.4712361001497962,2.2342583316974913
985.0,2.4720007944017293,2.2342706115134625
986.0,2.4730723712023033,2.2338376584020363
987.0,2.4742592475161453,2.2335388671852243
988.0,2.474787567751671,2.2335649081596305
989.0,2.4754218928614375,2.232522853744225
990.0,2.4763219896331155,2.232836187890083
991.0,2.4769107419733416,2.232501589767912
992.0,2.4778419525120263,2.232949163717815
993.0,2.4789423254349536,2.232103785842984
994.0,2.480304381959365,2.231092182978541
995.0,2.481097164310813,2.229675620558063
996.0,2.482373796971952,2.2293821292368614
997.0,2.4834735611199834,2.228688195505481
998.0,2.4844620159147786,2.227475215636609
999.0,2.485614497343666,2.2270600570373977
1000.0,2.486536719195093,2.226346696290051
