jjgjjgjjjggjjgggggggggggggggggggggggggggggjjjjgjjgjjjgjjjjggggggggggggggggggggggggggggggggggggggjjgjjjgjjgjgjjgggggggggggggjjjggggggggggggggjjjjgggggggggggggggggggggggggggggjjggjjjgjjjggggggggggjjgggggggggggggggggggggggjjjjgjjjgggggggjjgjjggggggggggggggggggggggggjjggggggggggggggggjgjjgjjggggggggggggggggggggggggggggggggggggggggggggggggggggjjgjjgjjjgjjjggggggggggggggggggggjjjgjjgjjggggggggggggggggggggggggjjjgggggggggggggggggggggggggggggggggggggggggggggggggggggggggggggggggggggggggggggggggggggggggjjgj,
jjgjjgggggjjjjgjjgggjjjgjjjjgjjgggggggggggggggggggggggggggggggggggggggjjjgjjggjjgjjgjjgjjjgjjgggjjgjjgjjjgjjjjgjjgjjgggggggggjjjggggggjjgjjjgggggggggjjgjjggjjgjjjgjjjgggggggggjgjjjgggggjjgjjgjjggggggjjgjjgjjggggggjjjjggggggjjggggggggjjgjjgjjggggggggggggggggggggggggggggggggggggggggggggggggggjjgggggggggggggggggggggggggggggggggggggggggggggggjjgjjggggggjjjgjjgggggggggggjjgjjjjjjjggggggggggggggggggggggggggggggggggggjjjjgjjggggggggggggggggggggggggggggggggggggggggggggggggggggggggggggggggggggggggggggggggg,
jjggggggggggggggjjggggggggggggggjjggggggjjgjjgggjjjjjjgjjjgjjgjjggggggggggggggggggggggggggggggggggggggggggggggggggggggggggggggggggggggggggggggggggggggggggjjgggggggggggggggggggggggggggggggjjjgggggjjgggggggggggggjjgggggggggggggjgjjjgjjgggggggggjjggggggggggggggggggggggggggggggggggggggggggggggggggggggggggggggggggggggggggggggggggggggggjjgjjjggggggggggggjjgggggjjgggjjjgjjgjjjgjjgjjgggggggggggggggggggggggggggggggggggggggggggggggjjgggggjjggggggggggggggggjjgggggggggggggggggggggggggggggjjjgjjggggjjggggggggg,
jjgggggggggggggggjjjjggggggggggggggggggggggggggggggggggggggggggggggggggggggggggggggggggggggggggggjjgggggggggggggggggggggggggjjggggggggjjggggggggggggggggjjgjjgjjjggggggggjjjjjgggggggggjjgjjgggjjgggggjjjgjjgggggggggggggggjjgggggggggggggggggggggggggggggggggggggggggggggggggggggggggggggggggggggggggggggggggggggggggggggggggggggggjgjgjjgggggggggggggjjggggggggggggggjjjgggggggggggggggjjgggggggggggggggggggggggggggggggggggggggggjjgjjgjjgjjgggggggjjjgggggggjjgjjggggggggggggggggggggggggggggjjjjggggggjjggggggjjg,
jjjgjjjggggggggggggggggggggggggggggggggggggggggggggggggggggggggjjjgggggggggggjjjjjgggggggggggggggjjjggggggggggggggggggggggggggggggggggggggggggggggggggggggggggjjggggggggggggggjjgjjgjjgjgjjjgjjgjjgjjjjggggggggggggggggggggjjjgggggggggjjjjjjgjjgggggggggggggggggggggjjgjjgjjjjggggjjjjgjjgjjjgggggggggggggggggggggggggggggggggggggggggggjjgjjjjjjgjjggggggggggggggggggggggggggggggggggggggggggggggggggggjjgggggggggggggggggjjgjjgggggjjgjjgjjgjjggggjjjjgjjgjjgggggggggggjjggggjgggggggggggggggggggggjjgggggggggggggg,
jjjgjjggggggggjjgjjjjjgggggggggggggggggjjggggggggjjgjjggggggggggggggggggggjjgjgjjgjjgjjgjjgggggjjjjjgjjgjjgggggggjjgjjggggggggggggggggggggggggggggggggggggggggggggggggggggggggggggggggggggggggggggggggggggggggggggggggggggggggggggggggggggggggggggggggggggggggggggjjggggggggggggggggggggggggggggggggggggggggggjjjjgjjgggjjgjjgggggggggggggggggggggggggggggggggggjjgggggjjjgggggggggggggggggggggggggggggggggggggggggggggggggggggjjgjjjjjgjjjgjjgggggggggggggjjgjjjgjjgggggggggjjgggggggggggggjjggjjjgjjggggggggjjgggggg,
jjgjjjjggggggggggggjjgggggggggggggggggggggggggggggggggggggjgjjgggggggjjgjjjgjjjggggggggggggggggggggggggggggggggggggggggggggggggggggggggggggggggggggggggggggggggggggggggggggggggggggggggggggggggggggggggggggggggjjgjjjgjjgjjgggggggggggggggjjggjjggggggggggggggggggggggggggggggggggjjgjjggggggggggggggggggggggggjjjjjjgggjjgjjjgjjjgjjjgjjgggggggggggggggggggggggggggggggggggggggggggggggggggggjjgjgjjjjjggggggggjjjjgggggggggggggggjjgjgjjgggggggggggggjjgjjgggggjjgjjjjgjjgjjgggggggjjggggggggjggggggggggggggjjgggggg,
jjggggggggggjjggggggggggggggggggggggggggggggggggggggggggggggggggggggggggggggggggggggggggjjgggggggjjgjjjjjgggggggggggggggggggggggggggggjjgjjgggggjjgjjgggggggggggggggggggggggggggggggggggggggggjjggggjjgjjgjjgggggggggggggggggggggggggjjgggggggggggjjgjjjgjjggggggggggggggggggggggggggggggggggggjjjjgjjjgjjggggggggjjjgjjgggggggggggggggggggggggggggggggggggggggggggggggggggggggggggggjjgggggggggggggggggggjjjjggggggggggggggggggjjgjjggggggggggggggggggggggjjggjjjgjjjjgjjgjjjgjjgjjgjjgjjgjjgjjjjgggggggggggggggggggg,
jjgjjjgggggggggggggjjjggggggggggggggggggggggggggggggjjjgggggggggggggggggggggggggggggggggggjjjgjjjgggggjjgggggjjggjjgjjggggggggggjjjjggggggggggjjjggggggggggjjgjjggggjjgjjgjjggggggggjjjjgjjjggggggggggggggjjgjjjgjjjjgggggggggggggggggggggggjjgggggggggggggjjgjjjgggggggggggggggggggggggjjgggggggggggggggggggggggggggggggggggjjggggggggjjgjjjgjjgjjgjjgjjjgggggggggggggggggggggggggggggggggggggggggggggggjjgggggggggggggggggggggggjjjgjjggggggggggggggggggjjjjggggggggggggggggggggggggggggggggjjjggggggggggggggggggggg,
jjgjjjggggggggjjggggggggggggggggggggggggggjjgggggggggggggggggggggggggggggggjjgggjjjjjggggjgggggggggggggggggggggggggggggggggggggggggggggggggggggggggggggggggggjjjjjgjjgggggggggjjgggggggggggggggggggggggggggggggggggggggggggggjjgjjgjjgjjjgjjgggggggggggggggggggggggggggggggggjjgjjgggggggggggggggggggggggggggggggjggggjjgjjgggggggggggjgggggggggggggggggggggjjjjjgjjgjjgjjggggggggggggggggggggggggjjjggggggggggggggggggggggggggggggggggggggggggjjgjjjgggggggjjgjjjgjjjggggggggjjggggggggggjgjjgjjggggggggggggggggggjjg,
jjgjjjgjjgjjgjjjgjjggggggggggggggggggggggggggggggggggggjjgjjgjjggjjgjjgjjggggggggggggggjjgggggggjjgjjgggggggggggggggggjjggjjgjjgjjjggggggjjgjjjggggggjjjggggggggggggggggjjgjjjgggggggggggggggggggggggggggggggggggggggggggggjjgggggggggggjjjjgjjjgggggggggjjgjjggggjjgggggggggggggggggggggggggggggggggggggggggggggjjgggggggggggggggggggggjjgjjggggggggggggggggggggggggggggggggggggggggggggggggggggggggggggggggjjjgjjggggggggggggggggggjjjgjjgggggggggggggggggggggggggggggggggggggjjgggggggggggggggggggggggggggggggggggg,
jjggggggjjgggggggggggggggggggggggggggggggggggggggggggggggggggggggggggggggggggggggggggggggjjjgggggjjgggggggggggggggggggggggggjjgjjgjjgjjjjjgggggggggjjgjjjgjjggggggggggggggggjjjgjjgjjggggggggggggggggggggggggggggggggggggggggggggggggggggggggggggggggggggggggggggggggjjgggggjjgjjgjjgjjggjjgggggggggggggggggggggjjgjjgjjjggggggggggggggggggggggjjgjjjggggggggggggggggggggggggggggggggggggggggggggjjjgjgggggggggggggggggggggggggggggggggggggggggjjjjgjjgjjgjjjgjjjgjjgggggggggggggggggjjgjjgjjjgggjjggggggggggggggggggg,
jjgggggggggggggggggggggggggggggggjgggggggggggggggggggggggggggggjjgjjgjjgggggggjjgjjgggggggggggggggggggggggggggggggggggggggggggjjjgjjjgggggggggjjggggggggggggggggggggjggggggggjjgggggggggjjjgjjgjjggjjggggggggggggggggggggggggjjgjjjgggggggggggggggggggggggggggggggggggggggjjggggjjgjjgggggggggggggggggggjjgggggggggggggggggggggjjggggggjjgggggggggggjjjggggggggggggggggggggggjjgggggggggjjgjjgjjggggggggjjgggggggggjjgjjggggggggggggggggggggggggggggggjjgjgjjgjjgggggggggggggjjggggggggggggggggggggggggggggjgjjgjggggj,
jjgjjjggggggggggggggjjgjjjgggggggjjgjjgggjjgjjggggggggggggggggggggggggggggggggggggjjggggggggggggggggggggggggggggggggggggjjjgggggggggggggjjggjjjjggggggggggggggggggggggggjjjggggggjjgjjgggggggggggjjgjjggggggggggggggggggggggggggggggggggggggjjgjjgjjgggggjjgggggggggggggggggggggggjjjjgjjgggggggggggggggggggggggggggggggjjggggggggggggjjjgjjgjjgjjgggggggggggggggjjgjjgggjjgjjgggggggggggggggggggggjjgjjggggggggggggggggjjgjjjjjgjjgggggggggggggggggggggggggggggjjggggggggggggggjjgjjgggggggggggggjgggggjjjgjjjggggggg,
jjggggggggggggggggggggggjjjjgjjggggjjgjjjgjjgggggggggggggggggggjjgjjgjjgggggggggggggggggggggggggggggggggggggggggggggjjgggggjjgggggggjjgjjggjggggggggggggggggggggggggggggggggggggggggggggggjjgjjjggggggggggggggggggggggggggggggggggggggjjgjjgggggggggggggggggggggggggggggggggggggggggjjjgjjjgggggggggggggggggggggggggggggggggggggggggggggjjjgjjgggggggggggggggjjgjjgjjjgggggggggjjggggjjgjjgjjjgggggggggggggjjggggggggggggjjjgggggggggggggggjjjjgjjjgjjgjjjgjjgjjggggggjgjjggggggggggggggggggggggggggjjgggggggjjjgjjggg,
jjgjjgjjggggggggggggggjjgjjgjjgjjgggggggggggjjgggggggggggjjgjjgjjjgggggggggjjjjgjjgggggggggggggggggggggggggggggggggggggggggggggggggggggggggggggggggggggggggggggggjjgjjgggggggggggggggggggggggggggggggggggggggggggggjjgggggggggggggggggggggggggggggggggjjgggggggggjjjjgjjjgggggggggjjgjjgjjgjjgggggggggggggjjggggggggggggggggggggggggggggggggggggggggggggggggggjjgggggggggggggggjjgjjgjjggggggggjjgjjjjjgjjgggggggggggggggggggggggggggjjggggggggggggggggggggggggggggggggggggggggggggggggggggggggggggggggggjjjgjjjgjjjgg,
jjgjjgggggggggggggggggggggjjjgjjgjjgggggggggggggggggggjjgjjjjjgggggjjgggggggggggggggggggggggggggggggggggggggggggggjjgjjgjjgjjjgjjjjgggggggggggggggggggggggggggjjgjjjgjgjgggggggjjjgjgggggjjgjjgggggjjgggggggggggggggggggggggggggggggggggggggggjjgjjjgjjjgjjggggggggggggggggggggjjjgjjggjjjjjgjjgjjjgggggggggggggggjjggggggjjgjjgggggggggggggggggggggggggggggggggggggggggggggggggggggggjjgjjgjjgjjgjgggggjjgjjgjjgjjjgjjgggggggggjjgggggggggggggggggggggggggggggggggggggggggggggggggggggggggggggggggggggggggggggggggggg,
jjgjjjjgjjgggggggggggggggggggjjgggggggggjjggggggggggjjgjjgggggggggggggggggggggggggggggggggggggggggggggggjjgjjjjgjjjgggggggggggjjggggggggggggggggggggjjjggjjjggggggggggggjgggggjjjjgjjgggggggggggggggggggggggggjjggggggggggggggjjgjjjjgjjjgggjjjjggggggggggggggggggggggggggggggggggggggggggggggggggggggggggggggggggggggggggggjjgjjgjjggjjjggjjgjjggggjjgggggggggggggggggggggggggggggggjgjjjgjjgjjjggjjjgggggggggggggggggggggggggggggggjjgjjjjgjjgjjgjjjggggggggjjgjjggggggggggggggggggggjjjgggggggggggggggggggggggggggg,
jjggggggggggggggggggjjjggggggggggggjjgjjgggggggggggjjgjjgggggggggggggggggggggjjggggggggggggggggggggggggggggggggggggjjjgggggggggggggggggggggggggggggggjjjgjjgggggggggggggggggggjjggggggggjjggggggggggggggjjjgjjjgjjggggjjgggggggggggggjjggggggggggggggggggggggggggggggjjggjjjgjjgjjggggggggggggggggjjgjjgggjjggggggjjgjjjjgjjjgggggggggggggggggggggggjjjjgjjgjjjjgjjjgggggggggggggggggggggggggggggggggggggjjjggggggjjjgggjjggggggggggjggggggggggggggggggggggggggggggggggggggggggjjjgggggggggggggggggggggggggggggggggjjj,
jjggjjggggggggggggggggggggggggggggggggggggggggggggggggggggjjgggggggggggggggggggggggggggggggggggjjggggggggggggggggggggggggggggggggggggggggggggggjjgjjgjjgjjgjjgjjjgjjgjjgjjgjjgggggjjgjjggggggggggggggggggggggggggggggggggggggggggggggggggggggjjgjjjjggggggggggggggggggjjjgjjgjjggggggggggggggggggggggggjjjgggggggggggggggggggggggjjggggjjggjjjgggggggggggggggggggggggggggggggggggggggggggggggggggggggggggjjjgggggggggjjggjjjgggggggjjgjjgjjgjjgjjgjjjggggggggggggggjjgjjjgggggggggjjjggggggjjjgjjjgjjjgggggggggggggggg,
jjgjjjgjjgjjgjjjgggggggggggggjjjggggggggggggggggggjjjgjjjgggggggggggggggggggggggggggggggjjgggggggjjggggggggggggggggggjjgjjgggggggggggggggggggjjgjjgjjjjggggggggggggggggggggggggggggggggggggggjjggjjggggjjgjjggggjgjjgjjgggggggggggggggggggggjjggggggggjjgggggggggggggggggggggggggggggggggggjjgggggggggggggggggggggggggggggggggjjgjjgjjjgjjggggggggggggggggggggggggggggggggggggggggggggggjjgjjjgjjgjjgggggggggggggggggggggggggggggggggggggggggggggggggggggggggggggggjjgjjgjjgjjgjjgggggggggggggggggggggggggggggggggggjj,
jjggggggggggggggggggggggggggggggggggggggggggggggggggggggggggggggggggggggjjgjjgjjjgjjjgjjgjjgjjgjjjgjjjgjjjgjjjgjjggggggjjjggggggggggggggggggggggggjjggggggggggggggggggggggggggggggggggjjgggggjjgjjgggggggggggggggggjjggggggggggggggggjjgjjjgggjjggggggggggggggggggggggggggggggggggggggggggggggggggjjjggggggggggggggggggggggggggggggggggjjjjjjgjjgjjjjjgjjgggggggggggggggggggggjjggggggggggggggggjjgjjggggggggggjjjgggggggggggggggggjjgjjgjjjggggggggggggggggjjgjjgjjggggggggggggggggjjjgggggjggggggggggggggggggggggggg,
jjgjjgggggggggggggggggggggggggggggggjjgjjgggggggggggggggggggggggggggggggggjjgjjggggggggggggggggggggggggggggjjgjjgjjgggggggggggggggggggjjgjjgjggggggggggggggggggggggggggggggggggggggggggggggggggggggjjgggggggggggggggggggggjjggggggggggggggggggggggggggggggggggggggjjggggggggggggggjjjggggggjjgggjjgjjggggggggggggggggggggggggjjggggggggggjjjgjjgjjjgggggggggggggggggggggggggggggjjjgjjggggggjjgjjgjgggggggjjjggggjjgggggggggjjgjjggggggggggggggggggggggggggggggjjggggggggggggggggggggggggggggggggggggggjjggggggggggggg,
jjgjjjgjjgjjjgjjjgjjjgggggggggggggggggggggggggjjgjjjgggggggggggjjjgjgggggggggggggggjjgjjgjjjgjjjgjjgjjgjjgjjgjjjggggggggggggggggggggggggggggggggggggggggggggggggggggjggggggggggggggjjgggjjjjgggggggggggggggggggggggggjjgjjgjjjgjjggggggggggggggggggggggggjjgjjgjjggggggggggggggggggggggggggggggggggggggggggggggggggggggggggggggggggggggggggggggggggggggggggggggjjjjjjgjjgjjgggggggggggggggggggggggggggggggggggggggggggggjgjjgjjgjjgjjjgjjjjjggggggggggggggggggggggggggggggggggggggggggggjjjgjjgjjgjjggggggggjjgjjjgjjj,
jjgggjjgjjjgjjgjjgggggggggggggjjgjjgggggggggggggggggggggggggggggggggggggggggggggggggggggggggjjggggggggggggggggggggggggggggggggggjjjggjjggggggggggjjgjjggggggggggggggggggggjjggggggggggggggggggggggggggggjjjggggggggggggggggggggggggggggggggggggjjggggjjggggggggjjgjjjjgjgjjgggggggggggggggggggggggggggggggggggggggjjgjjgggggjggggggggggggggggggggjjggggggggggggggggggggggggggggggggggggggggggggjjjggggggggggggggggggggggggggggggggggggggggggggggggggggggjjgjjgggggggggggggggggggggjjgjgjjgjjjgjjjgjjjgjgggggggjjjggggj,
jgjjggjjgjjjjggggggggggjjgggggggggggggggggggggggggggggggggggggggggjjgjjjjgggggggggggggggggjjggggggggggggggggggggggggggggjjgjjgjgjjjgjjgjjgggggjjgjjggggggggggggggggggggjjjgjjjjgjjjgjjgggggggggggggggggjgjjgjjgjjgggggggjjgjjgjjggggjjggggggjjgjjggggggggggggggggggggggggggggggggggggjjjgjjjggggggjjjggggggggggggggjjggggjjgggggggggjjgjjjgjjgggggggggggggggggggggjjggggggggggggggggggggjjgjjggggggggggggggggggggggggggggggjgjggggggggggggggjjgjjggggggggggggggjjgjjggggggggggggggggggggggggggggggjjgggggggggggggggggg,
jgjjjgjjggggggggggggggggggggjjjjgjjggggggggggggggjjggggggggggggggggggggggggggggggjjgjjgjjjjggggggggggggggggggjjgjjgjjggggggggggggggggggggggggggjjjjgjjgjjgjjjgggggggggggjjjjjgjjjgjjgjjjgjjggggggggggggggggggggggggggggggggggggggggggggggjjgjjjgjjgggggggggggggjjggggggggggggggggjjgggggggggggjjjgggggggggjjggggggjjgjjjjgjjjgjjjjgggggjjggggggggggggjjjgjjgjjjgggggggggggggggggggggggggggggjjgjjjgggggggggggggjjgggggggggggggggjjgggggggggggjjggjjgjjgggggjjggggggggggggggggggggggggggggggggggggggggggggggggggggggggg,
jgjjgjjjggggggggggggggggggggggggggggggjjjgjjjjjggggggggjjjgjjgjgggggjjjggggggggggjjgggggggggggggggggggggggggjgjjjgjjggggggggggggggggggggggggggggggggggggggggggggggggggggggggggggggggggggjjgjjjgjjjjgggggggjjjgggggggggggggggggggggggggggggjjjgjjgggggjjggggggggggggggggggjjgjjjgjjjggggggjjjgggggggggggggggggggggggggggggggggggggggggggggggggjjgggggggggggggggggggggjjjgjgjjgggjjgjjgjjgggggjjgjjgjjgggggggggggggggggggggggggggggggggggggggggggggjjgjjgjjjgggggggggggggggggggggjjgjjggggggggggggjjjgjjjggggggggggggggg,
jggggggggggggggggggjjjggjjgggggggggggggjjgjjjjggjjgjjgjjgjjgjjjggggggggggggggjjgjjjgjjjjgjjggggggggggjjjgggggggggggggjjjgjjgggggggggggggggggjjgjjjgjjgjjgjjjgggggggggggggjjgggggjjjjjgjjgggggjjgggggggggggggggggggggggggggggggggggggggggggggggggggggggggggggggggggggggggggggggggggggggggggggggggggggggggggggggggggggggggggggggggggggggggggggggggggggjjjggggggjjgggggggggggggjjgggggggggggggggggggggggggggggggggjjgggggggggggggggggggggggggggggggggggggggggggggggggggggggggggggggggggggjjgjjgjjgjjgjjgggggggggggggggjjg,
jgggggggggggggggggggggjjjjgjjgggggggggggggggggggggggggjjgjjggggggggggggggggggggggggggggggggggggggggjjgjjgjjggggggggggggjjgjjjjggggggggggggggggggggggggggjjggggggggggggggggggggggggggggggggggggggggggggggggggggggggggggggggggggggggggggggggggggggggggggggggggggggggggggggggggggggggggggggggggggggggggggggggggggggggjjjggjjjgjjgjjgjjgjjjjjgjjggggjjjggggjjggggggggggggggggggggggggggggggggggggggggggggggggggggjjgjjggggggggjjggggggggjjjgjjgjjgjjggggggggggggjjgjjgjjgggggggggggggggggggggggggggggggggggggggggggggggggg,
jgggggggggggggggggggggggjjgjjgjjgggggggggggggggggggggggggggggggggggjjggggggggggggggggjjgjjgggggggggggggggggggggggggggggggggggggggggggggggggggggggggjjjjggggggggggggggggggggggggggggggggggggggggjjgjjgggggggggggjjgggggggggggggggggjjjgjjjjjjggggggggggggggggggggggggggggggggggggggggggggjjgjjgjjjgjjgggggggggggggggggggjjjgjjgjjjgjjjggggggggggggggggggggggggggggggggjjggggggggggggggggggggjjggggggggggggggggggggggggggggggggggjjggggggggggggggggggggggjjggggggggggggggggggjjgggggggggjjgggggggggggggggggggggggggggjjg,
jgjjggggggggggggggggggggggggggggggggggggggggggggggjjgjjggggggjjggggggggggggggggggggggggggggggggggggggggggggggjjgggggggggggggggggggggggjjjgjjjgggggggggggggggggggjjgggggggjjggggggggggggggggggggggggggggggggjjgjjgjjjgggggggggggggggggggggjjgjjgjjggggggggggjjggggggggggggggggggggggggggggggggggggggggggjjgjjjgjjgjjggggggggggjjgjjgjjggggggggggggggjjggggggggggggggggggggggjjgjjgjjgjjgjjjgjjggggjjggggggggjjgjjgjjjggggggggggggggjjjjggggggggggjjjjgjjgggggggggggggggggggggggggggggggggggjjgjjggggggjjgjjgggggggggggg,
jgggggggggggggjjgjjgggggggggggggggggggggggggggjjjgjjgjjgggggjjjggggggggggggggggggggggggggggggggggggggggggggggggggjjggggggggjjjgjjgjjgjjggggggggjjjgggggggggggggggggggggggjjgjjjggggggggggggggggggjjgjjjjjgggggggggggggggggggggggggggggggggggjjgjjgggggggggggjjgjjgjjjgjjgggggggggjjgjjjjjgjjgjgjjgjjjggggggggggggjjjggggggggggggggggggggggggggjjgjjjggjjgjjggggggggggggggggjjgggggggggggggggggggggggggggggggggggggggggjjggggggggjjjjgjjgjjgjjgjjjjggggjjgggggggggggggggggggggggggggggggggggggggggggggggggggggggggggggg,
jgggjjgjjgjjgjjggggggggggggggjjgggggggggggggggggggggggggggjjjjgggjjgjjjgjjgjjggggggggggggggggggggjjgjjgjgjjjggggggggggggggggggggggggggjjggggggggggggggggggggggggggggggggggggggggggggggggggggggggggggggggggggggggjjgjjjgjjjgjjgjjgjjggggggggggggggggggggggjjjjgjjgjgggggggggggggggjggggggggggggggjjgggggggggggggggjjjgggggggggggggggggggggggjjgggggggggggggggggggggggggggjjgjjgggjjjjjggjjgggggggggggggggggjjgjggggggggggjjggggggggjjgjjjgggjjjjggjjjjgjjjgggggggggggggggggggggggjjjgjjgjjgjjgggggggggggggggggggggjjjgj,
jgjjgggggjjjggggggggggggggggjjgjjgjgjjjgjjgjjgjjjjggjjjgggggggggggggggggggggggjjjgjjjjggggggjjgjjgjjggggggggggggggggggggggggggggggggggggggggggggggggggggggggggggggggggggggggggjjgjjjjgjgggggggggggggggggggggjjggggggggggggggggggggggggjjjggjjggggggggggggggggggggggggggggggggggggggggggggggggggggggggggggggjjgjjjgggggggggggjjgjjjggggggggggggggggggggggggjjgggggggggggjjjgjjgjjjggggggggggggggjjgggggggggggggjjgjjjjjgjjgggjjgggggjjgjjgggggggggggggggggggggggjjgjjjjgjgjjgjjggggggggggggggjjggggggggggggjjgggggggggg,
jgjjgjjjgggggggjjgggggggggggggggggggjjgjjgjjgggggggggggggggggjjgjjggggggjjggggggggggjjggjjgjjjjgjjgjjgjgjgggggggggggggggggggggggggggjjjgjjgjjjggggggggggggggggggggggggggggggggggggggggggggggggggggggggggggggggggggggggggggggggggggggggggggggggggggggggggggggggggggggggggggggggggggggjjjjgggggggggggggjjjgjjgggggggggggggggggggggggggggggggggggjjggjjggggggggggggggggggggggggggggggggggggggggggggggjjjjgjjjgggggggggggggggggggggggggggggjjjjgggjjggjjjjjgjjggjjgjjjjggggggggggggjjgjjgjjgjjjgjjgjjgjjgggggggggggggggggg,
jgjjgggggggggggggggggggggggggggjjgjjgjjggggggggggggjjjjgjjgjjgjjggggggjjgjjgjjgggggggggggggggggggggjjggggjjgjgjjgjjgjjjgggggjjgjjgggggggjjggggggggjjjgjjggjjggggjjjgggggggggggggjjgggggggjjgggggggggggggggggjjgjjggggjjjggggggggggggggggggggggggggggggggggggggggjjgjjggjjgjjjggggggggggggggjjgjjjgjjgggggggggjjggggggggggggggggjjgjgjjggggggggggggggggggjjgggggggggggggjggggjjjgggggggggggggggggggggggggggjjjjjjgjjjgggggggggggjjgjjgggggggggggggggggggggggggggggggggggggggjjjgjjgjjgjjgggjjgjjggggggggggggggggggggggg,
jgjjjggggggggggggjjggggggggggggggggjjjgggggggjjgjjjgjjjgjjgggggggggggggggggggggggggggggggggggggggggggggjjgggggggggggggggggjjggggggggggggggggggggggggggjjggggjjgjjjjjjjgggggggggggggggggggggggggggggggggggjjjggggggggggggggggggggggjjjjgjjgjjjgjjggggjjgggggjjggggggggggggggggggggggggggggggggggggggggggggggggjjgjjjgjjjgjjgjjgjjgjjjgggggggggjjjjgggggggjjgjjggggggggjjgggggggggggggjjjgggjjggggggggjjgjjgggggggjjggggggggggggggggggggggggggggjjgjjggggggggggggggggjjgggggggggggggggggggggggjjgjjjgjjggggggggggggggggg,
jgjjgggjjgggggggggggggggggjjgggggggggggggggggggggggjjjgjjjgggggjjgjjjgggjjgjjjgggggggggggggggggggggggggggggggggggggggggjjgggggggggggggjjgjjgjjjgggggjjgjjjggggggggggggggggggggggggggggggggggggggggggggggggggggggggggggggjjgjjgggggggggggggggggggggggggggggggggggggggggggggggggggggggggjjgjjjgjggggggggggggggggggggggggggggggggggggggggggggggggggggggggggggggggggggggggggggggggggggggggggggggggggggggggggggggggggggggggggggggggggggggjjgggjjgggggggggggggggggggjjgjjgjjjgggggggjjgjjgjjjjgjgjjgjjjgjjjjgggggggggggggggg,
jgjjgjjgggggggggggggggggggggggggggggggggjjgggggggggggggggggggjjjjgjjgjjgggggggggggggggggggjjjgjjgjjgggggggggggggggggggggggggjjjgjjggggggggggggggggggggggggggggggjjjgjjggggggggggggggggggggggggggggggggggggjjggggggggggggggggggggggggggggggjjjjjggggggggggggggggggggggggggjjgggggggggggggggjjggggggggggggggggjjgjjjjgjjgjjjgjjjjjggggjjgjjggggggggggggggggggggggggggggggggjjjgjjgjjgjjgjjgjjggggggggggggggggggggggggggggggjjjjjgggggggggggggggggggjjjjjggggggggggggggggggggggggggggggggggggggggggggggggggggggggggggjjgg,
jggggggggggggggjjgjjgjjjgjjjggggjjgjjgjjggggggggggggggggggjjgggggggggggggggggggggggggjjgjjjjggggggggggggggggggggggggggggggggggjjjgggggggggggggggggggggggggggggggggggggggggggggggggggggggggjjgggggggggggggjggggggggggggggggggggggggggggggggggggggggggggggggggggggggggggggggggggggggggjjggggggggggggggggjjgggggggggggggjjjggggggjjgjjgjjjggggjjgjjjgjjggggggggggggggggggggggggjjgggjjjjjgjjgjjjgjjggggggggggggggggggggggggggggggjjjggggggggggggggggggggggggggggggggjjgjjjjgjjgjjgggggjjgjjggggggggggggggjjgjjgjjjjgggggg,
jgjjjjjggggggggggggggggggjjjjggggggggggggggggjjjgjjgjjggggggggggggggggggggggggggggggggggggggggggggggggggggggggggggggjjgjjggggggggggjjjggjjgjjgjjggggggggggjjjgggggggggggggggjjgggggggggggggggggjjjggggggggggggggjjjjjgjjjggjjgggggggggggggggggggggggggggggggggggjjjjggggggggjjjgggggggggggggggggggjggggggggggggggggjjggggggggggggggggggggggggggggggggggggggjjggggggggjjjggggjjggggggggggjjgggjjjggjjggggggggggggggggggggggggggggggggjjjjgggggggggggggggggggggggggggggggggggggggggjjgjjgjjgjjgjjgjjjggggggggggggggggggg,
jggggggjjjgjjjgjjjgjggggggggggggjjgjjgjjjgggggggggggggggggggggggggggggggggggjjjgggggggggggggggggggggggggggggggggggggggggggggggggggggjjgjjjgggggggggggjjjggggggggggggggjjgggggggggjjgggggggggjjgjjjgjjgjjgjjgggggggggggggggggggggggggggggjjggggggjjgjjgjjgggggggggjjjjggggggggggggggggggggggggggggggggggggggggggggggggggggggggggggggggggggggggggggggggggggggggggggggggggggggggggggggggggggggggggggggggggjjgjjgjjggggggggggggggggggggggggggggggggjjggggggggggggggggggggggggggggggggggggggggggggggjjggggggggggjjgjjgjjjjg,
jgjjgjjgjjgggggggggggggggggggggggggggggggggggggggggggjjgjjjgjjgggjjgjjggggggggggggggggggggggggjjggggggggggggggggggggggggggggggjjgggggjjggggggggggggggggjjggjjggggggjjgjjgjjggggggggggggggggggggggggggggggggjjgjjggggggggggggggggggggjggggggggggjjgjjjgggjjjjgjjgggggggggjjjggggggggggggggggggggggggggggjjgjgggggggggggggggggggggggggggggggggggggggggjjggggggggggggggggggjjjgjjgjjggggggjjjgjjgjjjgggggggggggggjjggggggggggggggggggggjjgggggggggggggggggggggggggggggggggjjjjgjjgggggggggggggggggggggggggggggggggggggggg,
jgjjgjgggggggggggggggggggggggggggjjgggjjgjjjgjjgggggjjjjggggjjggjjjjgjjjgggggggggggggggggggggjjgjjggggjjgjjgjjjgggggggjjggggggggggggggggjjgjjjgggggggggggggggggggggggggggjjggggggggggggggggggggggjjggjjgjjgjjgjjjjggggggggjjjgjjgggggggggggggggjjggjjgggggggggggggggggggggggggggggggggggggggggggggggggggggggggggggggggggggggggggggggggggggggggggggggggggjjgjjgjjjgjjgjjggggggggggggggggggggggggggggggggjjjjgjjjgjjggggggggggggggggggggggggggggggggggggjjjggggggggggggggggggggggggggggggggggggggggggggggggggggggggggggg,
jgjjgggggggggggggggggggggggggggggggggggggggggggggggggggggggggggggggggjjgggggggggggggggggjjggggggggggggggggggggggggggggjjgggjjgjgggjjgggggjjjgjjjgjjgjjgjjggggggggggggggggggggggggggggggggjjgggggggggggggggggggggggjjgjjggggggggggggggggggggggggggjjgggggggggggggggjjjgggggggjjjgjjgjjgjjgjjggggggggggggggggggggggggggggggjjgjjgjjjgjjjgjjggggggggggggggggggggggggggggggggggggggggjggggjjgggggggggggggggggggggggjjgjjggggggggggggggggggggggggggggggjjjggggggggggggggggggjjggggggggggggggggggjjjjgjjgggggggggggggggggggg,
jgjjjjjjgjjgjjggggggggggggggggggjjgjjgjjggggggggggggggggjjgggggggggggggggggggggggggggggggggggggggggggggggggggggjjggjjjgjjgjjjjggggggggggggggggggggggggggggggggggggggggggggggggggggggggggggggggggggggggggjjgjjgjjjjgjjgjjgjjjgjjggggggggggjjjjgggggjjgggggggggggggggggggggggggggggggggggjgjjgjjgjjgjjgjjgjjggjjgggggggggggggggggggggggggggggggggggggggggggggggggggggggggggggggggggggggggjjgggggggggggggggggggggggggggggggggggjjgjjjgjjgjjgggggggggggjjggggggjjgjjjjggjjjgggggjjjjjjggggjjgggggggggggggggggggggggggggggg,
jgjjgjgjjgjjgjjjggggjjgjjjgjjgjgjjggggjjjgjjgggggggggggggggggggggggggggggjjggggggggggggggggggggggggggggggjjggggggjjgggggggggggggjjggjjggggggggggggggggggggggggggggggggggggjjggjjjgjjjgjjgjjggggggggjjjggggggjjggggggjgjjggjjggggggggggggggggggggggggggggggggggggggggggggggjjjggggggggjjggggggggggggggggjjgggggggggggggggggggggggggggggggggggjjggggggggggggggggggggggggggggggggjjjgjjgggggggggggggggggjjjgggggjjjjgjjjjjjggggggggjjjjgjjggggggjjgggggggggggjjjgggggjjggggjjgjjjgggggggggggggggggggggggggggggggjjjgggggg,
jgjjgjjggggggggggggggggggggjjjgggggggggggggggjjgjjgjjggggggggggggjjjgjjgjjgggjjgjjgjjggggggggggggggggggggggggggggggggggggggggggggggggggggggggggjjgggggggggggggggggggggggggggggggggggggggggggggggggjjgjjgggggggggggggggggggggggggggggggggggggggggggggggggggggggggggggggggggggggggjjgjjgjjjgggggggggggjjjjjggggggggggggggggggggggggggggggggggggjjgggggggjjjgggjjjggggggggggggggggjjjgjjgjgjjggggggggggggggggggggggggggggggggggggggggggggggggggggggggggggggggjgjgjjggggggggggggggggggjjgjjjjjgggjjjjjjjgggjjgjjjjgjjggggg,
jgjjjjjggggggggggggggggggggggggggggggggggggggggggggggggggggjjgjjjggggggggggggggggggggggggggggggggggggggggggggggggggggggggjjjggggggggggggggggggggggjjgjjggggggggggggggggggggjjgggggggggggggggggggggggggggggggggggggggggggggggggggggggggggggggggggggggggggggggggggggjjgggjjggggjjjggggggjjjgjjjjggggggggggggggggggggggggggggggggggggjjgggggggggggggggggggggggggggggggggggjjgggggggggggggggggggggggggggjjjjjjgjjggggggggggggggggggggggggggggggggggggggggggjjggggggggggggggggggggggggggggggggggggggggggggggggggggggggjjggg,
gjjgjjgggggggggjjjgjjjgggggggggggggggggggggjjgjjjjjgggggggggggggggggggggggggggggggggggggggggggggjjgjjjgggggggggggggggggggjjjgjjjgjjjgjjgjjggggggggggggggggggggggjjjjgjjjgggggggggggggggggggggggggggggggggggggggjjggggggggggggggjjjjgggggggggggggggggggggggggggggggggjjgjjggggggggggggggggjjgggggggggggggggggggggjjgggggggggggggggggggggggggggggggggggggggggggggggggggggggggggggjjgjjgjjgggggggggggjjgggggggggggggggjjgjjggggjjggggggggggjgjjgggggggggggggggggggggggjjgjjggggggggggggggggggggggggggggggggggggggjjjgjjgg,
gjgjjjgggggggggggggggggggggggggggggggggggggggggggggjjgjjjjjgjjggggjjggggjjgggggggggjjgjjjjggggggjjggggggjgggggggjjjgggggggggggggggggggggggggggggggggggjjggggggggjjgggggggggggjjgjjjggggggggjjjgggggggggggggggggggggggjjggggggggggggggggggjjjgjjgggggggjgjjgjjjggggjjgjjgjjgjjgjjggggggggggjjgggggggggggggggggggggggjjggggggjjjgjjgjjgggggjjjjgjjgggggggggggggggggggggggggjjjggggggggggggggggggggggggggggggggggggjjgjjjjggggjjgjjjgggggggggggjjjgjjgjjggggggjjjjgggggggggggggjjgggggggggjjgjjjggggggggggggggggggggggggg,
gjjjgjjggggjgggggggggggggggggggggggggggggggggggggggggggggggggggggggggggggggggggjjjjgggggggggggggggggggjjgjjgjjjgggjgggggggggggggggggggggggggggggggjggggggggggggggggggggjjggggggggggggggggggggggggjjjggggggggggggggggggggggggggggggggggggggggggjjgjjgjjjgjjggggggggggggggggggggggggggggggjjgjjgggggggggjjgjjjgjjgjgjjgjggggggggggggggggggjjgggggggggggggjjgjjgjjgjjggggggggggggggggggggggggggggggggggggggggggggggggggggggggggggggggggggggggggggjjggjjgggggggggggggggggggggggjjgjjgjgjjjgjjjgggggggggggggjjgggggggggggjj,
gjjjggggggggggggggjjjjgggggggggggggggggggggggggggjjgjgggggjjgjjgjjjjgjjgggjjgjjgjjjgggjgjjggggggggjgjgjjggggggggggggggggggjjjgjjjggjjggggggggggjjgggggggggggggggggggggggggggggggjjjjjgggggggggggggggggggggggjjjgjjgjjgjjjggggggggggggggggggggggggggggggggggggggggggggggggggggjjgggggggggggggggggjjgggjjgggggggggggggggggggggggggggggggggggggggggggggggggggggggggggggjjggggggggggggggggggggggggjjjgjjggggggggjgggggggjjgggggggggggggggggjjgjjjggggggggggggggggggggggjjjgjjjggggggggggggggggggggggjjgjjgjjgjjgjjgjjggggg,
gjjjjjgjjjgjjjjgjjgjjjjjggggggggggggggggggggggggggggggggggggggggggggggggggggggggggggggggggggggjjgggggggjjgjjgjjgjjjgggggggggggjjjjggggggggggggggggggggggggggggjjgggggggggggggggggggggggggggggggggggggjjgggggggjjggggggggggggggggggjjgjjggggjjgjjgggggggggggggggggggggjjjgjjggggggggggggggggggggggggggggggggjjggggggggggggggggggggggggggggggggggjjgjjjjgjjgjjgggggggggggggggggggjjgjjgggggggggggggggggggggggggggggggggggggggjjggggggggggggggggggggggggggggggggggggggggggggggggggggggggggggggggggggggggggggggggggggjjggg,
gjjgggggggggggjjggjjggggjjggggjjgjjgggggggggggggggggggggggjjgjjjggggggjjgjjggggggggggggjjjgjjgggggggjjjjjjgjjjjgjjjjgggggggggggggggggjgjjjjggggjjgjjgjjggjjggggggggggggggggggggggjjgjjggggggggggggggggggggggggggggggggggggggggjjjgjjggggggggggjjjgjjjjggggggggggggggggjjjggggggjjggggggjjggggggggggggjjjjjgjjjgggggggggggggggggggggggggggggggggggggggggggggggggggggggggggggggggggggggggggggggggggggggggggggggggjjgjjgjjgggggggggggggggjjjgjjjjgjjjgjjgjjjjjggggggjjggggggggggggggggjjggggggggggggggggggjjggggggggggggg,
gjjjggjjjjgjjgggggggggggggggggjjgjjjgjjjgjjggggggggggggggggggggggggggggggjjgjjgggggggggggggggggggggggggggggggggggggggggggjjjgjjjjjggggggggggggggggjgjjjgjjgjjgjjjgggggggggggggggggggggggggjjgggggggggggggjjgjjgggggggggggggggggjjgggggggjjgjjggggggggggggggjjggggggjjjgjjjjjgjjgjjgjjggggggggggggggggjjjjjgggggggggggggggjjgggggggjjgjjgjjgggggggjjjgjjgjjggggggggggggggggggggggggggggjjjjggggggggggjjgjjgjjjjjjjggggggggggggggggggggggggggggggggggggggggggggggggggggggggggggggggggggggggggggggggggggggggggggggggggggg,
gjjjjgggggggggggjjgjjjgjjgjjjgjjgjjgjjjjgjjgjjgjjggggggggggggggggggggggggggggggggggggggggggjjgjjggggggggggggjjgggggggggggjjgjjjgjjggggjjgjjjjgggggggjjgjjggggggggggggggggggggggggggggggggggggggjjgjjgjjgggggggggggggggggggggggggggggggggggggggggggggggggggggggggggggggggggjjjjjjggggggggggggggggggggggggggggggggjgggggggggggggggggggggjggggggjjjjjgjjgjjjgjjgjjgggggggggggggggggggggggggggggggggggggggggggggggggggggggggggggggggggggggggggggggggggggggjjgggggggggjjgjjjjgggggjjgggggggggggggggggggggjjgggggggggggggjjg,
gjjgggggggggggggggggjjjgjjjjgggggjjjgjjgjjgjjgggggggggggggggggjjgjjgggggjjggggggjjgggggggggggggggggggggggjjjggggggjjgjjgjjgjjjggggggggggggggggggggggggggggggggggggggggjjgjjgjjgggjjgjgjjgjjjgjjgggggggggggggggggggggggggggggggggggjjjgjjjgjjjgggggggggggggggjgggggggggggggggggggggggggggjjgjjjgjjgjjjggggggggggggggggggggggggggggggggggggggggggggggggggggjjgjjgjjgjjgggggggggggggggggggggggjjgjjjgjjggggjjggggggggggggggggggggjjjjggggggggggggggjjgjjgjjgggggggggggggggggggggggggggggjjgjjjjgjjjjjjgggggggjjgggggggggg,
gjgggggggggggggggggggggjjgjgjjgggggggggggggggggjjgggggggggggggggggggggggggggggggggggggggggggggggggggggggggggggggggggggggggjjgjjgjjgjgggjjggggggggggggggggggjjgggggggggggjjjgjjjjgjjgjjggggggggggggggjjjggggggggggggggggggggggggggggggggggggggggggggggggggggggggggggggggggggggjggggggggggggggggggggggggggggggggggjjgjjgjgjjgjjgjgjjgjjjjgjjjjgggggggggggggggggggggggjjjgggggggggggjjjgggggggjjgjjgjjjgggggggggggggggggggggggggggggggggggggggggjjgjjgjjjgjjjggggjjggggggggggggjjgggggjjgggggggggggggggggggggggggggjjgjjg,
gjjjgjjjgjjjjgggggggggggggggjjgggggggggggggggggjjgjjgggggggggggjjgggggggggggggggggggggggggggggggggggggggggggggjjggggggggggggggggjjgggggggggggjgggggggggggggggggggggggggggggggggggggggggggggggggggggggggggggggggggggggggggggggggggggggggggggggggggggggggggggggggggggggggggggggggggggggggggggggggggggggggggggjjgjjgjgjjjjjgggggggggjjjgggggggggggggggggggggggggggggggggggggggggggggggggggggggggggggggjjgjjjjgjjgjjggjjjgjjgjjjgjjgjjjjjggggggggggggggggggggggggggggggggggggggggggggggggggggjjggjjjgjjgjjgjjjgjgjjgggjjgj,
gjjjjjjgjjjjgjjgggjgjjgjjggggggggggggggggggggggggggggggjjjgjjgjjgjjgjjjjgjjgggggggggggggggggggjjjggggggggggggggggggggggggggggggggggjjggggggggggggggggggggggggggjjjgjjjjgjjggggggggggggggggggggggggggggggggggggggjggggggggggggggjjjggggggjjggggggggggggggggggggjjgjjjjgjjjjggjjggggggggggggggjjggggggggjjgjjjgggggjjgjjgggggggggggggggggggggjjggggggggggggggggggggggggggggggggggggggggggggggggggjjgjjjgjjgjjjgjjgjjjggggggggjjjjgjjgjjggjjjggjjjjjggggggjjggggggggggggggggggggggggggggggggggggggggggggggggggjjggggggggg,
gjjjgjjgjjgjjjjggjjjggggggjjgggjjgjjggggggggggggjjgggggggggggggggggggggggggggggggggggggjjgggggggjjjgjjjgjjjjgjjgjjggggggggjjgjjgjjgjjjgggggggggggggjjjgggggggjjjgjjgggjjgjjjggggggjjgggggggggggggggggggggggjjggggggjjjgggggggjjgggggggggggggggggggggjjjgjjgjjjgjjgjjjgggggggggggggggggggggggggggggggggggggggggggggggjjgjjjggggjjgjjgjjgjjgggggggggggggggjjjjgggggggggggggggggggggggggggggggggggggggggggggggggggggggggggggggggggjjgjgjjgjjgjjgjjjjjggggggggggggggggggggggggggggggggggjjgjjgjjgjjjgggggjjgggggggggjggggg,
gjjjjjgggggggggjjgjjgjjjgjjgjjjgggggjjgggggjjjjggggggggjjgggggggggggggggggggggggggggggggjjgjjggjjjgjjgjjggggggggggggggggjjgggggggggggggggggggggggggggggggggggggggggggggggggggggggggjjgjjjgjjgjjgggjjggggggggggggggggggggggggggggggggggggggggjjjgjjjgjjjjgjjgggggggjjjjjggggggggggggggggggggggjjjggggggggggggggggggjggggggjjgjjggggjjjgggggggjjggggggggggjjgjjggggggjjgggggggggggjjjggggggggggggggggggggggjjjgjjgggggggggggjjgjjggggggggggggjjggggjjjggggggggggggggggggggggggggggggggggggggggggggggggggggggjjgjgjjjjgjj,
gjjjgggggggggggggggggggggggggggggggjjjjjjjjgjjjjjgjjgjjgjjjjjgggggggggggggggggggggggggggggggggggjjjjjgjjgjjjjggggggggggggggjjgjjggggggggjjgjjjgggggggggggggggjjgjgjjgggggggggggggjjgggggggggjjgjjggjjgggggggggggggggggggggggggggggggggggggggggggggggjjjgjjjjggggggggjjjgggggggggggggggggggggggjjgggjjjgjjgggggggggggggggggggggggggggggggggggggggggggggggggggjjjjggggggggjjggjjjgjjgggjjgggggggggggggggggggggggggggggggggggggggggggggggjjjggggggjjggggjjjgjjjgggggjjgjjjggggggggggggggggggggggggggjjgjjjjjgjjjggggggggj,
gjjjggggggggggggggggggggggggggggggggggggggggggjjjgggggggggjggggggggggggggggggggggggggggggggggggjjjgggjjgjjggggggggggjjgjjggggjjgjgjjgggjjjjggggggggggggggggggggggggggggggggggggggggggggggggggggggggggggggggggggggggggggggggggggggggggggggggggggggggggggjjgggggggggggggggggggggjjggggggggggggggggggggggggggggggggggggggggggggggggjjggggggjjgjjgggggggggjjgjjjgjjjgjjgjgjjgjjgggggggggggggggggggggggggggggggggggggggggggggggggggggggggggggggggggggjjgggjjgggggggggggggggggjjgjjgjjgggggggjjjggggggggjjjggggggjjgjggjjjgg,
gjjgjjgjjgggggggggggggggjjgjjgjjgjjgjjjgggggggggggggggggggggggggggggggggggjjgjjggggggggggggggggggggggggjjggggggggggggggggggggggggggggggggggjjjjggggggggggggggggggggjjjjjjgggggggggjjggggggggggggggggggjjgggggggggggggggjjgjjjggggggjjjgjjgjjggggggggggggggjjgjjjggggggggggggggggggggggggggggggggjjgjjgjjgjjgjjjgjgggjjjgjjjgjjgjjjjjgjjjggggggggggjjgjjgggggjjjjggggggggggggjgjjjgjgjjgjjggggggggggggggggggggggggggggjgjjggggggggggggggggggggggggggjjgjjgjjgjjgjjjgggjjgjjgjjjgjjgggggggggggjjjgggggjjgjjgggggggggggjj,
gjjjggggggggggggjjjjgjjgjjgjjgjjgggggggggggggjjjjjgggggjjjjgggggggggggjjgjjgjjjgjgjjgggggggggggggggggggggggggggggggggggggggjjgggggggjjgjjgjgjjjgjjgggggggggggggggggggggggggggggggggggggggggggggggggggggggjjggggggggggggggggggggggggggggggggggggggggggggggggggggggggggggjjgjjgjjggggggggggggggggggggggggggjjggggggggggggggggggggjjggggjjgjjgjjggggggjjggggggggggjjggggggggggggggjjjggjjgjjgjjjgjjjgggggggjjgjjgjjjgjjgggggggggggggggggggggggggggggggggggggggggggggggggggggggggjjjgggggggjjgggggggggggggggggggggggggjjgg,
gjjgjjjgjjgjjjgjjjggggggjjgjjjggggggggggggggggggggggggggggggjjgggggggggggggggggggjjgggggggggggggggggggggggggggggjgjjgjjggjjjgjjjjggjjgjjjgggggjjjggggggggggggggggggjgggggjjgjjggggggggggggggggggggggggggggggggggggggggggggggggggggggggggggggggggggjjgggggggggggggggggggggggggggggggggggjjggggggggggggggggggggjjjgggggggggggggggggggggggggggggggjjjjgggggggggggggggggggggggggggggggggggggggggggggjjgggggggggggggggggggggggggggggggggggjjgggggggggggggggggjjjjjjggggggggggggggjjjjjjjgggggggggjjjgjjjjjgggggggggggggggjj,
gjjggggggjjjggggggggggggggggggggjjgggggjjjjgggggggggggggggggggggggggggggggggggjjgggggggggggggggggggggggggggggggjjgggjjjjgggggggggggggggggggggggggggggggggggggggggggggggggggggggggggjjjgjjjggggggggggggggggggjjgjjggggggggggggggggggggggjjgggggggggggggggggggggggggggggggggggggggggggggggggggggggggggggggggjjggggggggggggggggggggggggggggggggjjgggggggggggggggggggggggggggggggggggggggggggggggggggjjgjjjgjjgjjgggggggggggggggggggggggggggggggggjjgjjjgjjgjjjgjjjgjjgjjjjjgjjjgggggggggggggggggggggggggggjjjgggggggggggg,
gjjgjjgjjgjjgjjgjjgjjggggggggggggggggggggggggggggggggggggggggggggggggjjjggggggggggggjggggggggggggggggggggggggggggjjjjgjjggggggggggggggggggggggggggggggggjjggggggggggggggggggggggggggggjjjgggggggggggggggggggggggggggggggggggggggggggggggggggggggggggggggggjjjjggggggggggggggggggggggjjjjjggggjjjgggggggggggggjjjjjjgjjjgjjjgggggggggggggggggggggggggggggggggggggggggggggggggggggggggggggggggggggggggggggggggggggggggjjgggggggggggggggggjjggggggggggggggggggggggggggggggggggjjjggggjjgjjjggggggggggggjjgjjjgggggggjjjgj,
gjjggggjjjggggggggggggggggggggggggggggggggggggggggggggggggjjggggggggggggggggggggggggggggggggggggggggggggjjgjjgjjjjggggggggggggggggggggggggggggggggggggggggggggggggggggggggjjjggggggjjjggggggggjjgjjggjjgjjggggggggjjgggjjggggggjjgjjgjjjggggggjjjgjjgggggggggggggggggggggggggggggggjjgjjjggggggggggggggggggggggggjjgggggggggggggggggggggggggggggggggggjjjjgjjjgjjjggggggggggggggggggggggggggggggggggggggggggggggggggggggggggggggggggggggggjjjggggggggggggggggggggggggggggggggggjjgjjgjjggjjggggggggggggggggggggjjggggg,
gjjgjjgggggggggggjjjjgggggggggggggggggjjgjjggjjjggggggggggggggggggggggggggggggggjjgjjgjjggggggggggggggjjjjggggggggggggggggggggjjjggggggggggggggggggjjjjggggggggggggggggggjjgjjgggggjjgjjjjjjggggggggggggggjjggggggggggjgjjjgjjjjgjjgjjggggjjgggggggggggjjgggggggggjjggggggjjjjggggggggggjjjjgjjjjgjjgggggggjjjgggggjjjgggggggggggggggggggggggggggjjggggggggggggggggggggggggjjjgggggggggggggggggjjgggggggggggggggggggggggggggggggggggjjjggggggggggggggjjgggggggggggggggjjjggggggggggjjgjjgjjgjjgjjggggggggggjjjgjjjgjjj,
gjjgggggggggggggggggggjjggggggggggggggggggggggggjjjgjjggggggggggggggggggggggjjjjgjjggggggggggggggggggggggggggggggggggggggggggggggggggggggggggggggggggggggggjjgjjgjjggggggggggggggggggggggggggggggggggjgjjgggggggjjjgggggggggjjjgjjggggggggggggggggggggjjggggggggggggggjjgggggggggggjjgjjgjjgggggggggjjjgjjgjjgggggggggggggggggggggjjjggjjgggggggggggggggggggggggggggggjjjjgjjjgggggggggggggggggggggggggggggggggggggggggggggggggggggjjgggggggggggjjgggggggggjjgjjggggggjjgjjjgjjjjgjjjjjgjjjjjgjjgggggggggggggjjgjjgggg,
gjjgjjgjjgjjgjjggggggggggggggggggggggggggggggggjjjgjjgjjggggggggggggggggjjjgggggjjjjgjjjjgjjgggggjjjgjjjgjjgggggggggggggjjggggggggggggggggjjjgjjjgjjggggggggggggggggggggggjjjjjgjjgggggggggggggggggggggggggjjjjgggjjgjjgjjgggggggggggggggggggggggggggggggjjgggjjgjjgjjgggggggggggggggggjjgggggggggggjjjgjgjjgjjjjgggggggggggggggjjgjjggggggggjjgjjgjjggggggggggggggggggggggjjgjjjjjggggggggjjgjjgggggggggggggggggggggggjjgggggggggggggggggggjjgggggggggggggjjggggggggggggggggggggggggjgggggggggggggggggggggggggggggggg,
gggggggggggggggggggggggggggggggjjgjjjgjjgjjggggggggggggggjjgjjjggggggggggjjjggggggggggggggggggggjjgjjgjjggggjjgjjgjjgggggggggggggggggggggggggggjjgggggggggggggggggggggggggjgggggggjjgjjgggggggggggggggggggggggggggggggggggggggggggggggggggggjjjjgggggggggggggggggggggggggggggggggggggggggggggggggjjgjjjgjjjgjggggggggggggggggggggggggggggjjgjjjgjggggggggggggjjggggggggjjgjjjjggggggggjjjgggjjgggggggggggggggggggjjgjjggggjjjggggggggjjggggggggggggggggggggggggggggggggggjjgjjjgggggggggggggggggjjgjjgjjggjjgjjjggjjgj,
ggggggggggggggggggggggjjgggggggggggggggggggggggggggggggjjggggjjjjggggjjggggggggggggggggggggggggggjjggggggggggggggggggggggggggggggggggggggggggggggggggggggggggggggggggggjjjjgjjjgggggggggggggggggggggggjjjgggggggggggggggggggggggggggggggjjjgjgjjgjjgjjgggggggggggggjjjggggggggggggggggggggggggggggggjjjgggggjjgjjggggggggggggggggjjgggggggggggggggggjjjgjjjgggjjgjjgjjjgjjjggggggggggggggggggggggggggggggggggggggggggggggggggggggggggjjjjgjjgjjgggggjgjgjjgjjjjgjjjjjjjgjjjgjjjjgggggjjggggggggggggggggggggggggggjjggg,
gggggggggggggjjgggggjjgjjjjgjjgjjgjjggggggggggjjgggggjjjjgjjggggggggggggggggggggjjjgggggggggggggggggggggggggggggggggjjgjjggggggggggggggggggggggggggjjggggggggjjjggggggggjjgjjggggggggggggggggggggggggggggggggggggggggggggggggggggggggggggggjjgggjjgjjggggggggggggggggggggggggggggggjjgjjgggggjjgggjjgjgggggggggggggggggggggggggggggggggggggggggggggggggggggggggggjjggjggggggggggjjgggjjgggggggggggggggggggggggggggggggggggggggggggggggggggggggggggggjjgjjgjjgggggggggggggggjjgjjgjjggggggggggggggggggggggggggggggggggg,
gggggggjjgjjjgjjgggggggggggggggggggggggggggggggggggggggggggggggggggggggggggggggggggggggjjgjjgjggggggggggggggggggggggggggggjjgggggggggggggggjjgjjjgjjgjjgjjgggggggggggggggjjgjjggggggggggggggggggggggggggggggjjgjjjgjjgjjgjjggggjjgjjgggjjgggggggggggjjggggggggggggggjjjggggggggggjjjggggggggggggggggggggjjgjjgjjggggggggggggjjgjjjjgggggggggggggggggggjjggggggggjjgjjgjjgjjgggggggggggjjgggggggggjjgjjgggggggjjgggggggggggggggggggggggggggggggggggggggggggggggggggggggggggggggggggggggggjjjggggggggggggggggggggggggggg,
gggggggggggggggggggggggggggggggggggggggggggggggggggggggggggggggggjjgggggggjjjgggggggjjgggggggggggggggggggggggjjjgggjjggggggggggggggggggggggggggggggggggjjgjjgjjgjjjgjjjggggggggggggggggggggggggjjgjjgjjgjjggggjjgggggggggjjgggggggggggggggjjgjjggggggggggggggggggggggggggggggggggjjjjgggggggggggggggggjjjjgjjgjjjjgjjgjjjgjjggggggggggggggggggggggggggggggggjjgjjgjjggggggggggggggjjjjjjjjggggggggggggggggggjjjgggggjjgjjggggggggjjjgjjgggggggggggggjjjjjgggggggggggggggggjgjjgjjgjjjgggggjjjgjjgjjjjjgjjggggggggggggg,
gggjjjjgggggggggggggggggggggggggggggggggjjgjjgjjggjjgjjjjggggggggggggggggggjjgjjgjjgjjggggggggjjgjjgjjggggggggggggggggggggggggggggggggggggjjjgjjgjjgjjgjjgggggggggggggggggggggggjjgjjjjggggggggggggggggggggggggggjjjgjjgggggggggggggggggggjjjgjjggggggggggggggggggggggggjjgjgjjgjjgggggggggggjjgggggggggggggggggggggggggggggggggjjgggggggggggggggggggggggggggggggjjgjjgggggggggggggggggggggggggggggggggggggggggggggggggggjjjjjjggggggggggggggggggggggggggjjgggggggggjjgjgjjgjjjggggggggggggggggggggggggggggggjgjjgjjgj,
gggggggggjgjjgjjgjjgjjjgjgggggggggggggggggggggjjgggggggggggggggjjggggggggggggggggggggggggggggggggggggggggggggggggggggjjjjgjgjjgggggggggggggggggggggjjjgggggggggggggggjjgggggggggggggggggggggggggggggggggggggggggggjjjgjjgggggggggjjgggggggggjjjgggjjgjjgggggjjgjjjgggggggggggggggggggggggggggggggggggggjjgjjjggggggggggggggggggggggggjjggggggggggggggggggggggggggggggggggggggggggjjjjjgjjggjjjggggggggggggggggggggggggggggggggggggggggggggggggggggggggggggggggggggggggggggjjjggggjjgjjjggggggjjgjjgjjjgggggggggggggggg,
ggjjgjjgjjgggggggggggggggggggjjgggggggggggjjggjjgjjgjjggggggggggggggggggggggggggggggggggggggggggggggggggggggggjjgjjgjjjggggggjjjgggggggggjjgjgggggggggjjgggggggggggggggggggggggggggggggggggggggggggggggggggggggggggggggggjjgggggggggggggjjggggggggggggggggggggggggggggggjjjgjjgjjgjjgjjgjjggggggggggggjjgjjgjjgggggjjgjjggggggjjgjjgggggggggggggggggggggggggggggggjjggggggggggggggggggggggggggggggggggggggggggggggggggggggggggggjjggggggggggggggjjgggggggjjgggggggggggjjgjjgjjgjjggggggggggggggggggjjggggggggggggggggg,
gggggggggggggggggggggggggggggggggjjjgjjjgggjjggggggggggggggggggggjjggggggggggggggggggjjgjjgjjjjjgjjjgjjjjggjjgjjjgjjggggggjjgggggjjjgggggggggggggggggjjjjggggggjjjgggggjjggggggggggggggggggggggggggggggggggggggjjgjjgjjgggggggggggggggggggggggggggggjjjgjjgjjgggggggggggggggggggggggggggggggggggggggggggggggggggggggggggggggggggggggjjjjgjggggggggggggggggjjgjjgjjgjjggggggggggggggggggggggggggggggjjggggggggggggggggggggggggggggggggggggggggggggggggggggggggggggggggggggjjgjjgggggggjjgjjggggggggggggjjgjjggggggggggg,
ggggggggggggjjgjjjgjjgggggggggggggggggggggggggggggggggggggggggggggggggggggggggggggggggggggjjgggggggggggggggjjgggggggjjjjgjjggggggggggggggggggggggggggggggjjgjjggggggggggggjjjgggggggggggjjgjjjgjjggjjgjjgjjgggggggggggjjgjjggggggggjjjggggggggggggggjjgggggggggggggggggggggggggggggggggjjjjjggggggggggggggggggggggggggjjjgjjgggggggggggggggggggggggggggggggggggggggggggggggggggggggggggggggggjjggggggggggggjjgjjgggggggggjjggggggggggggggggggggggggggggggggggggggggggggjjgjjgggggggggggggggggggggggjjjgjjggggggggggggg,
ggggggggggggggggjjjgjgjjjggggggggggggggggggggggggggggggggggggggggggggggggggggggggggggggggggggggggggggggggggggggggggggggggggggggggggggggggggggjjjggggggjjjgjjgggggjjgjjjgjjjjgjjgjjjjgjjgjjjggggggggggggggggggggggggggggggggggggjjgggggggggggggjjgggggggggggggjjggggggggggjjjjgjjgggggggggggggggggggggggggggggggggggggggggggjjgggggjjgggggggggggggggjjjgjjgjjgjjggggggggggggggggggggggjjgjjgjjjgggggggggggggggjjjgggggggggggggggggggggggggggggggjjgjjggggggggggggjjgjjgjjjggggggggggggggggggggjjggggggggggggggggggggggg,
ggggggggggggggggggggggggggggggggggggggggggggggggggggggggggggggggggggggjjgjjjggggggggggggggggggggjjjjggggggggggggggggggggggggggggggggggggggjjgggggggggggjjgggggggggggggggggggggggggggggggggggjjgggjjjggggggggggggggggggggjjjgggggggggggggggggggggggggggggggjjjjgggggggggggggggggggggggggggggjjjgjjjjggggggjjgjjgjjgjjggggjgjjggjjggjjjgggjjjgjgjjjjjgjjjgjjjgjjgggggggggggjjgggggggggggggggggggggggjjjgggggggggggggggggggggggggggggggggjjgjjgggggggggggggggggggggggggjjgjjggggjjggggggggggggggggggjjgjjgjjggggggggggjjg,
gggggggggggggggjjggggggjjjjgjjgjjggggggggggggggggggggggggggggggggggggggggggggggggggggggggggggggjjgggggggggggjjgjjjgjjgjjjgggjjjgjjggggggggggggggggggggggggggjjjgjjgjjgjjjjgjjgggggggggggggjjgggggggjjgggggggggggggggggjgjjjjggggggggggggggjjgjjgjjgjjjgjjgjjggggggggggggjjgjgjjjgjjgjjgjjgggggggggggggggggggggggggggjjggggggggggggggjjjgjjjjjjgjjggggggggjjgjjggggggggggggjjggggggggggjjggggggggggggggggggggggggggjjgjjjgggggggggggggggggggggggjjgjjgjjjjggggggggjjjgjjggggggggggggggggggggggggggggggggggggggggggggggg,
ggjjgggggggggggggggggggggggggggggggggggggggjjjjjjgggggggggggggggggggggggggggggjjjjgjjgjjgjjgjjgjjggggggggggggjjggggggggggggggggggjjjgjjgggggggjjjgjjjjjjgggggggggggggggggggggggggggggggggggggggggggggggjjgjjjgjjgjjgggggggggggggggggjjjjjjggggjjgggggggggggggggggggggggggggggggggggggggggggggggggggggggggggggjjjgggggggggggggggggggggggggggggggggggggggjjjgjjjggggggggggggggggggjjggggggggggggggggggggggggggggjjggjjjgjjgggggggggggggggjjgggggggjjggggggggggggggggggggggggjjjgggjjjgjgjjjggggggggggggggggggggggggggggg,
ggggggggggggggjjgggggggggggggggggggggggggjjjggggggjjggggggggggggggggggggjjgjjgjjgggggggggggggggggjjjggggggggggggggggjjgggggggjjgjjggggggggggggggggggggggggggggggggggggggggggggggggjjgggggggggggggggggggggggggggggggjjggggggggggggggggggggggggggggggggggggggjjjjjjgjjjgjjgggggggggggggggggggggggjjgjjgjjggggggggggggjjgjjgjjgjjjgjjgggggjjggggggggggggggggggggggggggggggggggggggggggggggggggggggjjgggggggggggggggggggggggggggggggggggggggggggggjjggggggggggjjjjgjjjjggggggggggggggggggggggggjjjjgjjggggggggggggggggjjgg,
gggggjgjjjjgjjgjjjjgjjgggggggggggjjggjjggggggggggggggggggggggggggggggggggggjjjgggggjjjjggggggggggggggggggggjjgjjgjjjgggggggjjgjjgjjgjgjjggggggggggggjjjjggggggggggggggjjgjjjjjggggggggggggggggggggggggggggggggggggggggggggggggggggggggggggjjgjjjggggggggggggggggjjggggggjjgjjggggggggggjjgggggggggggggggggggggggggggggggggggggggggggggggggggjjgggggggggggggggggggggggggjjgjjjgjjjggggggggggggggggggjjgjjggggjjgggggggggggggggggggggggggggggggggggggggggggggggggggggggggggggggggggggggggggggggggggggggjjggggggjjgjjgggg,
gggggggggjjgjjgjjgjgggggggggggggggggggggggggjjgjjjjgjjgggggjjgggggggggggggggggggggggjjjgggggggggggggggggggggggggggggggggggggggggggggggggjjgjgggggggggggggggggggggggggggggggggjjgggggggggggggggggggggggggggggggggggjjggggggggggggggggggggggggggggjjjgjjjjjgggggggggggjjgjjggggggggggggggggggggggggggggggjjggggggggggggggggggggggggggggggggggggggggggggggggggggggjjgggggjjggggggggggggggggggggggggggjjgjjgjjgjjgggggggggggggggggggggggjjgggggggggggggggggggggggggggggggggggggggggggggggggggggggggggggggggggggggggggggggg,
gggggggggggjjgjjgggggggggggggggggggggggggggggggggggjjgggggggggggggggggggggggggggggggggggggggggggggggggggggggggggggggggggjjgjjgjjgggggggggggggggggggggggggggggggggggggggggggggggggggggggggggggggggggggggggggggggggggggjggggggggggggggggggggggjjggggggggggjjgjjgjjjgjjjgjjgjjjgjjgggggggggggggggjjgjjgjjggggggggggjjggggggggggggggggggggggggggjjggggggggggjjjjggggjjgjgggggggggggggggggggggggggggjjggggggggggggggggggggggggggggjjjjjggggggggggjjjgjjgjjjggggggggggggggggggggggggggggggggjjgjjjgjjgjjggggggggggggggggjjgj,
ggggggggggjjgjjjjggggggggggggggggggggggggggggggggggggggggggggggggggggggggjjjgjjggggggggggggggggggggggjjjjjjjjgjjjgjjjjgjjggggjjggggggggggggggggggggggggggggggggjjgjjgjjgjjjgjjgjjjgggggggjjjggggggggggggggggggggggggggggggggggggggjjgggggggggggggjggggggggggggggggjjjgggggggggggggggggggggggggjjjgjjgjjggggggggggjjjgjjgggggjjjjgggggggggggggggggggggggggjjgjjjggggggggggggggggggjjjgjjjgggggggggggggggggggggggggggggggggggggggggggggggggggggggjjgggggggggggjjgggggggjjgggjjgjjgggjjgggggggggggggggggggggggggggggggggg,
ggggggggggggggggggggggggggjjjgjjgjjgjjgjjggggggggggggggggjjgjjjjgggggjjgjjgggggggggggggggggggggggggggggggggggggggggggggggggjjjgjjgjjgggggjjjgggggggggggggggjjgjjgjjgjjgjggggggggggggggggggggggggggggggggggggjjgggggggggggggggggjjgjjjjgjjgjjjgjjgggggggggggggggjjgjjgjjggggggggggggggggggggggggggggggggggggggggggggggggjjgjjgggggggggggggggggggggggggggggggggggggggggggggggggggggjjgggggggggggggggggggggggggjjgjjjggggggggggggggjgjjggggjjgjjgjjgjjgjjjggggggggggggggggggggggggjjgjjgggggggggjjgjjjjgjjggggggggggggggg,
gggggggggjjggggggggggggggggggggggggggggjjjgjjgjjjgjjjggggggggjjjgggggggjjjggggggggggggggggggggggggggggjjgggggggggggggjjgjjjgggggggggggggggjjjgggggggggggggggggggggggjjggggjjggggjjgjjgggggggggggjjgjjggggjjjjjgjjggggggggggggggggggggggggggggggggggjjgggggggggggggggggggggggggggggggggggggggggggggggggggggggggggggggggggggggggggggggggggggggggggggggggggggggggggggggggggggggggggggggggggggggggggggggggggggjjgjjjgjjgggggggggggggggggggggggggggggggggggggggggggggggggjjgjjgjjgjjgggjggggggjjggggggggggggggggjjgjjgggggg,
gggjjgjjjgggggggjjjggggggggggggggggggggjjgjgjjggggggggggggggggggggggggggggggggjjggggggggggggggggggggjgggggggggggggggggggggggggjjgjjgjjggggggggggggggggjjgggjjgggggggggggggggggggggjjjgggjjggggggggggggggggggggggggggggggggggggggggggggggggggjjjjjgjjgjjjgjjggggggggggggggggggjjgjjgjjgjjgggggggggggggggggggggggggggggggggggggjjgjjgjjjggggggggggggggggggggggggggggggjjgjjjgjjgjjggggjjgggggggggggggggggjjggggggggggggggggggggggggggggggggggggggggggggggggggggggggggggggggggggggggggggggggggggggggggggggjjgggjjgggggggg,
gggggggggggggggggggggggggggggggjjgjjjgjjjgggggggggggggggggggjjgggggggggggggggggggggggggggggggggggggjjjgjjgjjgjjgjjggggggjjgjjgjjgjjgjjgjjjgggjjggggggggggggggggggggggggggggggggggggggggggjjgggggjjjjgjjgjjggjjgjjgjjgjjgggggggggggggggggggggggggjjggggggggggggggggggggggggggggggggggggggggjjgjjgjjjgjjggggggggggggggggggggggggggggggggggggggggggggggggggggggjjgjjgjjjggggjjgjjgjjgjjggggggggggggggggggggggggggggggggggggggggggggggggggggggggggjjgjjjggggggggggggggggggggggggggggggggggjjgggggjjggggggggggggggggggggggg,
gggggjjggggggggggggggggggjjgggggggggggggggggggggggggggggggggggggggggggggjggggggjjjgjjgjjjggggggggggggggggggggggggggggggggggggggggggjjjgggggggjjjggggggggggggggggggggggggggggggggggjjjgggggggggggggggggggggggggggggggggggggggggggggggggggggggggjjjjggggggjgjjjgggggjjggggggggggggggggggggggjjjgggjjjjggggggggjjjjgggggggggggggggggggggggggggjjgggggggggjjjgjjgggggggggggggggggggggggggggggggggggggggggggggggggggggggggggggggggggggggggggggjjgggggjjggjjjgggggggggggggggggggggjjjggggggggggggggggggggggjjgjjgggggggggggg,
ggggggggggggggggggggggggggggggggggggggjjjgggggggggggjjjggjjgggggggggggggggggggggjjgjjjgggggjjgjjgjgggggggggggggggggggggggggggggggjjjgjjjgjjjgjjggjjggggggggggggggggggggggjjgggggjggggggggjjggggjjjgjjgjjgjggggggggggggggjjggggggggggggggggggggggjjgjjgjjjggggggggggjjgggggggggggggggggggggggggggggggggggggggggggggggjjjgjjgjjggggggggggggggggggggggggggggggggggggggggggggggggggjjgggggggggggggggggggggggggggggjjggggggggggggggggggggggggggggggggggggggggggggggggggggjjjgjjjjgggggggggggggggjjjggggggggggggggggjjggjgjj