jjggggggggggggggggggggggggggggggggggggggggggggggggggggggggggggggggjgggggggggggggggggjgjggggggggggggggggggggggggggggggggggggggggggggggggggggggggggggggggggggjgggggggggggggggggjjjgjggggggggggggggggggggggjggggggjggggggjggjgggjgggggggggggjgggggggggjggggggggggggggggggggggggjgjggjggggggggggggggggggggggjgggggggggggggggggggggggggggggggggggggggggggggggjgggjjgjgggjgjgjgggggggggggggggggggggjgjggggggggggggggggggggggggjgjgjgggggggjggggggggggjggggggggggggggggggggggggjgjgggggggggggggggggggggggggggggjgggggggggjgjg,
jjggggggggjgjgggggggggggggggggggggggggggggggggggjggggggggggggggggggggjggggggggggjggggggggggggggggggggggggjggggggggggggggggggggggjgggjggggggggggggggggggggggggggggggggggggggggggggggggggggggggggggggggggggggggggggggggggggggjggggggggggggggggjgggggggggggggggggjggggggjggggggggjggggggggggjgjggggggggggggggggggggggggggggggggggggjgggggggggjgggggjggggggjggggggggggggggggggggggggggggggggggggggggggggggggggggggjggggggggggggggggggggggggggggggggggggggggggggggggjgjgggggjggggggggggggjgggjgjggggggggggggggggggggggggggg,
jjgjggggggggggggggggggggggggggggggggggggjggggggggggggggggggggggggggjggggjgjgggggggjgjgjgjgjgggjggjggjggggggggggggjgggggggggggggggggggggggggggggggggggggggggggggggggggggggggggggggggggjgjjgggggggggjgggggggggjgggggggggggggggggggggggggggggggggggggggggggggggggggggggjggggggggggggjgggggggggggggggggggggggggjggggggjgggggggggggggggggjgjggggggggggggggggggggggggggggggggggggggjgjgggggggggggggjgjgjggggggggggggggggggggggjgjgjgjggggggggggggggggggggggggggggggggggggggggggggggggggggggggggggggggggggggggggggggggggggggg,
jjggggggggjgggggggggggggjggggjjgjgjgggggjggggggggggggggggggggggggggggggggggggggggggggggggggggggggggggggjgjggggggggjgggggggggggggggggggggggjgggggggggggggggggggggggjggggggggggggggggggggggggggggggggggggggggggggggggggggggggggggggjgggggggggggggggggggggggggggggggggggggggjggggggggggggggggggggggggggggggggggggggggggggggggggggggggggggggggggggggggggjgjgjgggggggggjgggggggjgggggggggggggggggggggggggggggjgggggggggggggggggggggggggggjgggggggggggggggjgggggggggggggggggggggggggggggggjggggggggggggggjggggggggggggjggggg,
jjgggggggggggggggggggggggggggggggggggggjggggggggggjgjggggggggggggggggggggjgjgjggggggggggjggggggjgggggggggggjgjgjggggggggggggggggjjgjgjjgjggggggggggjggggggggggggggggggggggggggggggggggggggggggjggggggggggggggggggggggggggggggggggggggjggggggggggggggggggjgggggggggjgggggggggjgggggggjgggggggggggggggggggjgjgjgjgggggjgggggjggggggjgjgggggggggggggggggggggggggggggggggjggggggjgjggggggggggggggggggggggggjggggggggggggggggggggggggggggggggjggggggggggggggggggggggggggggggggggggggggggggggggggggggggggggggggggggggggggggg,
jjgggggggggggggggggggjgjggggggggggggggggggggggjggjjggggggggggggggjggggggggggggggjggjggjgggggggggggggggggggggggggggggggggggggggggjgjggggggggggggggggggggggggggggggggggggggggggggjgjgjgjgggggggggggggggggggggggjgjgjgggggjgggggggggggggggggggggggggggggggggggggggggggggjgjggggggggggggggjgggggggggggggggjgggjggggjgggjgggggggggggggggggggggggggggggjgggggggggggggggggggjgjjjgggggjgjgggggggggggjgggggggggggggggggggjgggggggjgjggggggjgjggggggjggggggggggggggggjgjggggggggggggggggggggggggggggjggjgggggggggjggggggggggggg,
jjgggggggjggggggggggggggggggggggggggggggggggjgggggggggggggggggggggggggggggjggggggggggggggggjgjggggggggjgggggggggggjgggggggggggggggggjgggggggggggggggggggjgjgjgjgjgggggggggjgjgggggggggggggggggggggggggggjgjggggggggjjggggggggggggggggggggggggggggggjgggggggggggggggggjgjgggggggggggggggggggggggggggggggggggggggggggjgggggggggggjgggggggggggggggggggggggggggggggggggggjgjggggggggggggggggggggggggggggjggggggggggjgjggggggggggggggggggggggggggggggggggggggjggggggggggggggjjgggggggggggggggggggggggggggggggggggggggggjgjg,
jjggggggggggggggggggggggggjgjgggjggggggggggggggggggggggggggggggggggggggggggggggjggggggggggggggggggggjjgjggggggggggggjgjgggggggggggjggggjggggggggggggggggggggggggggggggjgjgggggggggggggggggjgjgjggggggggggggggggggggggggggggggggggggjgjgggggggggjggggjgjgjgggggggggggggjggggggggggggggggggggggjgjggggggggggggggjgggggggggggggggggggggggggggggggggggggggjgggggggggggjgjgjgggggggjggggggggggggggggjjggggggggjgggggggggggggggggggggggjgggggggggggggjgggggggggggggggggjgjgjgggggggggggggggggggggggggggggggggggggggggggjgggg,
jjgggjgggjgggggggggggggggggggjggggggggggjgjgjgjgjgggjggggggggggggggggggggggggggjggggggggggggggggggggggggggggggggjgggggggggggggggggggggggggggggggggggggggggggggggggggjggggggggjgjggggggggggggggggjjgjgjgggggggggjggggggggggggggggggggggggggggggggggggggggggggggggggggggjgjgjggggggggggggggggggggggggggjgggggggggggggggggggggggggjggggggggggjggggggggjgjggggggjgjggggggggggggggggggggggggggggggggggggggggggggggggggggggjgggggggggggggggggjggggggggggggjggggggjgjggggjgggjggggjggggggggggggggggggggggggggggggggggggggggjg,
jjgggggggggggggggggggggggggggggggggggggggggggggggggjgggggggjggggggggjgjggggggggjjgjggggggggggggggjgggggggggggggggjgggggggggggggggggggggggggggggggggggggjggggggggggggggggjggggggggggggggggggggggjggggggjggggggggggggggggggggggggggggggggggggggggggggggggggjgjggggjgggggggggggggggggggjggjgjgjgjgjggggggjgjgggggjgggggjggggggggggggggggggggggggggggggggjggggggggggggggggggggggggggggggggggggggggggggggggggggggggggggggggggggggggggggjgjgjjggggggggggggggggggggggggjggggggggggggggggggggggggggggggggjgggggggggggggggggggg,
jjgggggggggggggggggjgggggggjggggggggggggggggggjgjgjgggggggjggggggggggjgjjgjggggggjgggggjgjgjgggggggjgjggggggggggggjgjggggggggggggggjgjgggggggggggjgggggjgggggggggggggggggggjgggggggjggjggggggggjjgggggggggggggggggggggggjgjgjgggggjggggjgjggggggggggjggggggggggggggggggggggggggggggggggggjggggggggggjgggggggggggjggggggggggggggggggggjggggggggggggggggggjggggggggggggggggggggggggggggggggggggggggggggjgjgggggggjgggggggggggggggggggggjgggggggggggggggggjggggggggggggggggggggggggggjggggggggggggggggggggggggggggggggggg,
jjgggjgggggggggggggggggggggggggggggggggggggggggggggggggggggjggggggjjggggggggggggggggggggggggggggggggggggggjggggggggggggggggggggjgjgjgjggggggggggggjggggggggggggggggggggggggjgggggggggggggggggggggggggggggggggggggggggggggjgjjgggggggggggggggggggggggjggggggggggggggggggjggggjgjgggggggggggggjggggggggggjggggggggggggggggggggjgggjgggggggggggggggggjgggggggggggggggggggggggggggggggggggggggggggjgjgggggggggggggggggggggggggggggggggggggggggggggggggggggggggjggjgjgggggggggggggggggggggggggggggggggggggggggggjjggggggggg,
jjgggggggggggggggggggggggggggggggggggggggggggggggjgjggggggggggggjgjggggggggggggggggggggggggggggggggggggggggggggggggggggggggggggggggggggggggggggjgggggggjggggggggggggggjgjggggggggggggggggggggggggggggggggggggggjggggggggjgjgggjgggggggggggggggggggggggggggggggggggggggggggggggggggggggjgjgggggggggggggggggggggggggggggggggggggggggggjgjgjgggggggggggggggggggggggggggggjggggggggggggggggggggggggggggggggggggggggggggggggggggggggggjggggggjggjggggggggggggggjjgggggggggggggggggggggggggggggggggggggggjgggggggggggggggggg,
jjggggggggggggggggggggggggggggggggggggggggggggggggggjgggggggggggggggggggggggggggggggggggggggggggggggggggjggggggggjgjgggggggjgjgggggggggggggggggggggggggggggggggggggggggggggggggggggggggggggggggggggggggggggggggggggggggggggggggggggggggggggggjgjggggggjggggjgjgjggjgjggjggggggggggggggggggggggggggggggggggjggjggggggggjggggggggggjgggggggggggjggggggggggggggggggggggggjgggggggggggggggggggggggggjggggggggggggggggggggggggggggggggggggggggggggggggggggggggggjgggggggggggggggggggjgjgggggggggggggggggggggggjjgjggggggggg,
jjgggggggggggggggggggggggggggggggggggggggggjgggggggggjgjgggggggggggggggggggjgjgggggggggggggjgjgggjgjgggggjggggggggggggggggggggggjgggggggggggggggggggggggggggggggggggggggggggggggggggggggggjgggggggggggjggggggggggggggggggggggggggggggggggggggggggggjgggggggggjggggggggggggggggggggggggggggggggggggggggggggggggggggggjjgggggggggggggjgjgggggjgjgggggggjgggjggggggggggggggggjgggggggggggjggggjgjgggggjgggggggggggggggjgjgggggggggggggggggggggggggggggggggggggjggggggggggggggggjgggggggggggggjgggjgggggjggggggjgjgjggggjg,
jjgggggggggggggggggggjgjggggggggggggggggggggggjggggggggggggggggggggggjgggggggjgggggggggggjgggggggggggggjggggggjgjgggggggggggggggggggggggggggggggggggggggggggggggggggggggggggggjggggjgggggggggggggggggggggggggggggggggggggggjgggggggggggggjggggggggggggggggggggggjgggjgggggggggggggggggggggggggggggggggggggggggggggggggggjgjgjgjggjgggggggggjgggggggggggggggjggggjgggggggggggggggggjgjgggggggggggggggggggggggggggjggggggjgjgjggggggggggggggggggggggggggggggggjggggggggggggggggggggggggggggggggjgjggggggggggggggggggjgjg,
jjggggggjggggggggggggjjgggjgjggjggggggggggggggggggggjgggggggggggggggjggggggggggggggjgggggggggjgjggggggggjgjggggggggggggggggggggggggggggggggggggggggjgjggggggggggggggggggggjgjggggggggggggggggggggggggggggggggggggggggggggggggggggggggggggggggggggggggggggggjgggggggggggggjgggggggjgjgggggggggggggggggggggggggggggjgjgjggggggggggggggggggggggggggggggggggjgggggggggggggggggggggjgggggggggjgjgjjgggggggjgjgggggggggggggjgjggggggggggggggggggggggggggjggggggggggggggggggggggggggggggggjgggggggggggggggggggggggggggggggggg,
jjggggjggggjjggggggggggggggjgggggggggggggggggggggggggggggggggggggggjgjgggggggggggggggggggggggggggggggggggggjggggggggggggjgjgggggggggggggggggggggggggggggggggjgjgjgjgggggggggggggggggggggggggggggggggggggggggjgjgggjggggggggggggggggggggggjgggggggggggggggggggggggggggggggggggggggggggggggggggggggggggggjgjgggggggggggjgggggggggggggggggggggggggjjgggggjgggggggjgjjggggggjgjgggggggggggggggggggggggggggggggggggjgjgjggggggggggggggjgjgggggggjggggggggjgjgjjgjgggjggggggggggggggggggggggggggggggggggggggggggggjggggggggg,
jjggggggggjgjgjggggggggggggggggggjgggggggggggggggggggggggggggggggggggjgggjggggggggggggggggggjggggggggggggggggggggggggggggggggjgjgjgjggggggjgggggggggggggggggjgggggggjgggggggggggggjgggggggggggggggggggggggggjgjgggggjgggggggggggggjgggjggggggggggggggggggggggggggggggggggggggggggggggggggggggggggggggggggjggggggggggggggggggggggggggggggggggjgggggggggggggggggggggggggggggggggggggggggggggggggggggggggggggggggggggggggggggggggggggggggggjgggggggggggggggggggggggggggggggggggggggjggggggggggjggggggggggjggggggggggggggg,
jjgjggggggggggggggggggggggggggggggggggggggggggjgggggggggggggggggggggggggggggggggggggggggggggjgggggggggggggggjggggjgggggggggggggggggggggggggggggggggggggggggjjggggggggggggggggggggggggggggggggggggggggggggggggggggggggggggggggggggggggggggggjggjgjgjggjggggggggggggggggggggggggggggggggjgjggggggggggggggggggggggggggggggggggggggggggggggggggggggggggjggggggggggggjgggggggjgggggggggjgjgggggjggggggggggggggggggjgggjgjggggggggggggjggggggggggggggggggggggjgjjgjgjgjgggjggggggggggggggggggggggggggggggggggggggggggggggggg,
jjgggggggggggggggggggggggggggggggggggggggjgjggggggggggggggjgggggggggggggggggggggggggjgggggggggggggggjggggggggggggggggggggggggggjjgggggggggggggggggggggggggggggggggggggggggggggggggggggjgggggggggggggggggjgggggggggggggggjgjgjgjgggggjggjgjjgggggggggggggggggggjjggggggggggggggggggggggggggggggggggggggggggggggggggggggjgggjgjgjggggggggggjggggggggggggjggggggggggggggggggggggggggggggggggggggggjgjggggggggggggggggggggggggggggggggggggggggggggggggggggggggggggjggggggggggggggggjgjgjggggggggggggggggggggggjggggggggggg,
jjgggggggjgjggggggggggggggggggggggggggjgggggggggggggggggggggggggggggggggggggggggggggggggggggggggggggggggjgggggggggggggggggggggggggggggggggggjgggggggggggggggggggggggggggggggggggggggggggggggggggggggggggggggjggggggggggggggggggggggggggggjgggggggggggggggggggjggggggggggjggggggggjgggggggggggggggggggjggggggggggggggggggggggggggggggggggggggggggggjgjgggggggggggggggjggggggggggggggggggjgjgjgggjgjgjgjggggggggggggggggggggggggggggggggggggggggggggggggggjgggggggjggjgggggjgggggggggggggggggggggggggggggggggjgggggggggg,
jjgggggggggggggggggggggggggggggjggggggggjgjggjgggggggggggjggggggggggggggggggggjgggggggggggggggggggggggggggggggggggggggggggggjggggggggggggggggggjgggggggggggggjjggggggggjgjgggjgggjgggjggggggggggggggggggggggggggggggjjgggjgggggjgjgggggggggggjgggggggggjgjgjggggggggggggggggggggggggggggggggggggjgggggggggggggggggggjgggjgjgggggggggggggggggggggggggggggggggggggggggggggggggggggggggggggjgggggggjgjggggggggggjgggggggggggggggggjgjgggggggjjgjgggggggggggggggggggggggjjgggggggggggggjgjgjgggggggggggggggggggggggggggggg,
jjgjgggggggggggjggggggggggggggggggjggggjgggggggggjggggjggggggggggggggggggggggggggggggggggggggggggggggggggggggggggggggggggggggggggggggggggjjjgggggggggggggjggjgggggggggggjggggggggggggggggggggggggjgjggggjggggggggggggggggggggjgggggggggggggggggggggggggggggggggggjggggggggggggggggggggggggggggggggggggggggggggggggggggggggggggggggggggggggggggggggggggjggggggggggggggggggggggggggggggggggggggjgggggggjggggggggggggggggggggjgjggjgggggggggggggjjgjgjggggggggggggggggggggggggggggggggggggggggggggggggggggggggggggggggggg,
jjggggggggggggggggjggggggggggggggggggggggggggggggjgggggggggggggggggggggggggggggggggggggggggggggggggggggggggggggggggggggggggggggjggggggggggggggggggggggggggggggggggggjjggggggggjggggggggggggggjgggggjjgjgjggggggggggggggggggggggggggjggggggjggggggggggggggggggggjgjgggggggggggggggggggggggggggggggggggggggggggggggjgjgggjgjggggggggggggjggggggggggggggggjggggggggggjgggggggjgjggggjggggggggjgggjggggggggggggggggggggggggggggggggggggggggggggggggggggggggggggggggggggggggggggggggggggggggggggggggggggggggggggggggggggggg,
jgjgggggggggggggggggggggggggggjgjgjgjggjgjgjgjgjjgjjggggggggggggggggggggggggggjgjgjggggggggggggggggggggggggggggggggggggggggjggggggggggggggggggggjggjggggggggggggggggggggggggggggjggggggggggggggggggggggggggggggjgggggggjggggggggggggggggggjggggggggggggggggggggggggggggggggggjggggggggggggggjgggggjggggggggggjggggjgjgggggggggggggggggggggggggjggggggjgjggjgggggjggggggggggggggggggggggggggjgggggggggggggggggggggggggggggggggjgggggggggggggggggggggggggggggggggggggggggjggggggggjggggggggggggggggggggggggggggggggggggg,
jggjggggggggggggggggggggggggggggggggggggggggjjggggjgggggggggggggggggggggggggggggjgggjjgggggggggjgjggggggggggggggggggggjgggggggggggggggjgggggggggggggggggggggggggggggggggggggggggggggggggggggggjgggggggggggggjgggggggggggggggggggggggggggjgggggggggggggggggggggggjgggggggggggggggggggggggggggggggjgggggggggggggggggggggjgjggggggjggggjgggggggggggggggggggggggggggggggggggjggggggggggjggggggggggggggjgggggggggggggggjggggggggggggggggggggggggggggggggggjgggggggggggggggjgggggggggjgggggggggggggggggggggggggggggggggggggg,
jggggggggjggggggggggggggggggggggggggggggggggggggggjggjgjjgggggggggjgggggggggggjggggggggggggggggggggggjgjggjgjggggggggggggggggggjgggggggggggggggggggggggggggggggggggggggggggggggggggggggjggggggjgggggggggggjgjggggjgggggggggggggggggjgggggggggjgjggggggjggggggggggggggggjggggggjgjgjgjggggggjggggggggggggggggggggggggggggggggjgggggggggggggggggggggjgggggggggjgggggggjggggggggggjjggggggggggggggggggggggggggggggggggjggggjgjgjggggggggggggggggggggggggggggggggggggggggggggggggggggggggggggggjgggggggggggggggggggggggggg,
jgjggggggggggggggggggggjggggggggggggggggggjjgggggggggggggggggggggggggggggggggggggggggggggggggggggggggggjgggjjgggggggggggggggggjgggggggggggggggggggggggggggggggggggggggggggggggggjgggggggggggggggggggggggggggggggggggggggggggggggggjggggjgggggggjgggggggggjggggggggggggggggggggggggggggggggggggggggggggggggggjgjggggggjgjgjgjgggggggjgggggggggggggggggggggggggggggggggggggjgggggjgjgjgggggggggjgjgggggggggggggggggjggggggggggggjgggjggggggggggjgggggggggggggggggggggggggjggggjggggggggggggggggggggggggggggggggggggggggg,
jggggggggggggggjggggggggggggggggggggggggggggggggggggggggggggggggjgjggjgjgggjgggggggggggjgggggggggggggggggggjgggjgjggggggggggggjgjggggggggggggggggggjggggggggggggggggggggggggggggggggggggggggggggggggggggggggggggggggggggggggggggggggjgjgjgjgjgjgggggggggggggggggggggggjgggggggggggjjgggggggggggggggggggggjgjgjgggggggggjggggggggggggjggjjgjggggggggjgggggggggjgjgjgjgjgjggggggggggggggjggggggggggggggjgjjggggjgjggggggggggggjgggggggggggggggggggggggggggggggggggggggggggggggggggggggggggjgggjggggggggggggggggggjgggggg,
jgggggggggggggggggggggggggggggggggggggggggggggggggggggggggggjgggggggggggjggggjgggggggggggggggggggggggggggggggjjgggggggggggggggggggggggggggggggjgggggggggggggggggjggggggggggggggggggggjggggggjggggggggggggggggggggggggggggggggggggggggggggggjgggjgjgjggggggggggggjgggggggggggggggggggggggjgjgggggggjgggggjgjgjggggggggggggggggggggggggggggggggggggggggggggggggggggggggggggggggggggggggggggggjjggggggggggggggjgggggggggggjggggggjgggggggggggggggggggggjggggggggggggggggggggggggggggggggggggggggggggggjgggggggggggggggggg,
jggggggggggggggggggggggggggggggggggggggggggjgjgggjggggggggggggggggggggggggggggjggggggggggggjggjgggggggjggggggggggggggggggggggggggjgggggggjgjgggggggggggggggggggggggggggggggggggggggggggggggggggggggggggggggggggggggggggggggggggggggggggggggggggggggggggggggjgggggggggggjggggjgjgjgggggggggggggggggggggggggggggggggggggggggggggggggggggggggggggggggggggggggggggggjgjgjggggggggjgggggggggggggggggggggggggggggjgggggggggggggggggggggggggggggggggggggggggjgggggjgggggjgjgggggggggggggggggggjgggggggggggjgjggjgggggggggggjg,
jggggggggggggggggggjgjggggggggggjggggjgjjgjggggggjggjjgjggggggggggggggggggggggjggggggggggggggggggggggggjgjggggggggggggjggggggggggggjgjggggggggggjgjgggjgjgjggggggggggggggggggggggggggggggggggjggggggggggggggggjggggggggggggggggggggggggggggggggggggggggggggggjggggggggggggggjggggggggggggggggggggggggggjgggggggggjggggggggggggjgjgjggggggggggggggggggggggggjggggggggggggggggggggggggggggggggjgggggjggggggggggggggggggggggggggggggggggggggggggggggjgjgjgjggggggggggggggggggggggggjgggggggjggjgggggggggggjgjgggggggggggg,
jgggggggjggggggggggggggggjgjggggggggggggjgggggggggggggggggggggggggggggggggggjgjggggggggggggggggggjgjgjggggggggggggggggggggggggggggggggggggggggggggggggggggggggggggggggjjggggggggggggggggggggjgggggggggggggggggggggjgjggggggggggggjggggggggjggggggggggggggggggggggggggggggggggjgjggggggjgggggggggggggggggggggggggggggggggggggggggggggggggggggggjgggggggggggjggggggggggggggggggggggggjgjgjgggggggjjggggggggggggggjgjgggggggggggggggggggggggggggggggggggggjgggjggggggggggggggggggggggggggjggggggggggggggjjgggjgjgjggggggg,
jgggggggggggggggggggggggjgggggggjgjgjgggggggggggggggggggjgjgggggggggggggjgjgggggggggggggggjgggggggggggggggggggggjjgggggggggggggggjgggggggggggggggggggggggggggggggggggggggggggggjgjggggggggggggggggggggggggggjggggggggggggggjgjgggggggggggggjgggggggggggggggggggggggggggggggggggggggggggggggggggggggggggggggggjggggggggggggggggggggggggjggggggggggggggggjggggggggggggggggggggggggggggggggggggggggggggggggggggggggggggggggggggggggggggggggggggggggggggggggggjgggggggggggggggggggggggggggggggggggggggggggggggggggggjggjgj,
jgggggggggggggggjggjgggggggggggggggggggggggggggggggggjgjggggggggggggggggggggjggggggggggggggggggggggggggggggggggggggggggggggggggggggggggggggggggggggggjggggggggggggggggggggjgggjgjggggggggggggggggggggggggggggjgjgjggggggggggggggggggggggggggjggggjgjgggggggggggggjgggggggggggggggggggggggggjgjgjggggjggggggggggjgjggggggggggggggggggggggggggggggggggjggggggggggggggggggggggggggggggggggggggggggggjggggggggggggggggggggggggggggggggggggggggggggggggggggggggggggggggggjggggggggggggggggggjgggggggggggggggggggggggjggggjg,
jgggggjgggjgjgggggggggggggggggggggjggggggggggggggggggjjgjggggggjgjgjggggggggggggggggggggggjggggggjggggggjggggggggggggggggggggggggjggggggggggggggggjgjgjgggjgjgggjgggggggjgggggggggggggggggggggggggggggggggggggggggggggjggggggggggjgjggggggggggggggggggggggggggggggggggggggggggggjgjggggggggggjgjggggggggggggggggggggggggggggjjgjgjgjggggggggggggggjggggggggggggggggggjggggggggggggggggggggggggggjgjggjggggggggggggggggggggggggggggggggggggggggggggggggggggggggggggggggggggggggggggjggggggggggggggggjgjgjgjgggggggggggg,
jgggggggggjgjgggggggggggggggggggggggggggggggggggggjggggggggggggggggggggggggggggggggggggggjggggggjgggjggggggggggggggggggjgjggggjjgjjgjgggggggjjggggggggggjgjggggggggggggggggggggggggggggggggggggggggggggggggggggggjggggggjggggggggggggjgjggggggggjjgggggggggggggggggggggggggggjjggggggggggggggggggggggjgggggjjggggggggggggggggggggggggggjgjgjggggggggggggjgjgjggggggggggggggggggggggggggggggggggggggggggggggggjggggjgggggjgjggggggggggjgjgjgggggggggggggggggggggggggggggggggggggggjgggjgggjgggggggggggggggggggggjgggggg,
jgggggjggggggggggggggggggggggggggggggggggggggggggjgjggggggggggggggggjgggggggggggjgggggggjgjggjgjgggggggggggggggggggggggggggggggggggggggggggjggggggggggggggggggggggggggggjgggggggggggggggggggggggggggggggggggggggggggggggggjggggggggggggggggggggggggggggggggggggggggggggjgggjgggggggggggggggggggggggggggggggjgggggggggggggjggggggggggggggggggggggggggggggggggggggggggggggggggggggggggggggggggggggggggjggggggggggggjgggggggggggggggggggggggggggggggggggggggggggggggggggggggggjgjgjggjggggjggggjgjggggggggjgggjgggggggggg,
jggggggggggjgggggggjggggjjgggggggggggggggggggggggggjgjgggggggggjggggggggggggggggggggggggggggggggggggggggjgggggggggggggggggggggggggggggggggggggggggggjggggggggggggggggggggggggggggggggjgggggggggggggggggggggggggggggggggggggggggggjggggggggggggggjgjgggggggggggggggggggjggggggggggggggggggggggggggggggggggggggggggjgggjgjgggggggggggggggggggggggggggggggggggggggggggggggggggggggggggggggggggggggggggggggggggggggggggggggggggggggggggggggggggggggggggggggggggggggggggggggggjgggggggggggggggggggggggggggggggggjgjgjgggggg,
jgggggggjgggggggggggggggggggjgggggggggggggggggggjgjggggggggggjggggggggggggggggggggggggggggggggggggggjgggggggggggggggggggggggggggggggggggggggggggggjggggggggggggggggggggggggggggggggggggggggggggggggggggggggggggggggggggggggggggjgjgjggggggggjgggggggggggggggggggggggggggggggggggggggggggjgjgggggggggggggggjgjgggggjggjgggggjggggggggggggggggggggggggggggggggjgggggggggggggggggggggggggggggggggggggggggjggggggggggggggggggggjggggggggggggggggggggjggggggggggggggggggggggggggggggjggggggggggggggjgggggggggggjgjggggggggg,
jggggggggggggggggjggggggjgggggggjgggggggggggggggggggggggggggggggggjgjggjgggggggggggggggggggggggggggggggggggggggggjjjgggggggggggggggggggggggggggggggggggggggggggggggggggggggggggggggggjggggggggggggggggggggggggggjggjggggggggggggggggggggjgjjggggggggggggggggggggggggjgggggggggggggggggggggggggggggggggggggggggggggggggggggggggggggggggggggggggjgggggggggggggggggggggggggggggggggggggggggggggggggggggggggjggggggggggggggggggggjggggggggggggggggggggggggggggjggggggggggggggggggggggggggggggggggjggggggggjggggggggggggggg,
jggggggggggggggggggggggggjggggjgggggggggjggggggggggggggggggjgggggggggggggggggggggggggggggggjggggggggggjgggggggggggggggjgjgjggggggggggggggggggggjggggjgjggggggggggggggggggggjggggggggggggggggggggggggggggjggggggggjgjggggggggggggggggggggggjgjgjggggggggggggggggggggggggggjggggggggggggjggjggggggggggggggggggggggggggggggggggggggggggggggggggggggggggggggggjgjgjgggggggggggggggggggggggggggggggggggggggggggggjggggggggggjgjggggggggggggggggggggggggggggggggggggggjggggggjgggjgjgjggggggggggggggggggggggggggggggggggjggg,
jgjggggggggggjgjgggjgjgjggggggjjgggggggggggggjggggggjjggggggggggggggggggggggggggggggggggggggggggggggggggggjggggggggggggggggggjgggggggjggggjggggggggggggggggggggggggggjggggggggggggggggggggggggggggggggggggggjgjgggggggggggggjgggggggggggjggggggggggggggggggggggjgggggggggggggggggggggggggggjgggggggggggggggggggggggjggggggggggggggggggggggggggggggggggggggggggjgjgggggggggggggggggggggggggggggggggggggggggggggggggggggggjggggggggggggggggggggggggggggggggggjggggggggggjjgggggggggggggggggggggggggggggggggggggggggggggg,
jggggggggggggggggggggggggggggggggggggjggggjgjgjggggggggggggggggggggggggggggggggggggggggggggggggggggggggggjggggggggggggggggggggjggggggggggggggggggggggggggggggggggggggggggggggggggjgggggggggggggggggggggggggggggggggggggggggggggggggggggggggggjgggjgggggggjjgggggggggggggggggjgggggjgjggggggggggggjgggggggggggggggggjggggggggggjgggggggggggggjgjggggggggggggggggggggggggggggjgjggggggggggggggggggggggjggggggggggggggggggggjgjgjjggjgjggggggggggggggggggggggggggggggggggggggjgggggggggggggggggjgjgjgjggggggggggggggggggg,
jgggggggggggggjgggggggggggggggggggjgjggggggggggggggggggjgjggggggggggggggggggggjggggggggggggjgjggggggggggggggggggggggggggggggggggggjggjgggggggjgggggjgggggggggggggggggggggggggjggggggjgjggggggggggggggggggggggggggggjggggggggggggggggggjggggggjjgjggggggjgggggggggggggggggggggggggjgjggggggjggjgjggggggggggggggggggggggggggggggjggggggggggggggggggggjggggggggggggggggjgggggjgjggggjgggggggggggggggggggggggggjgggjggggjggggggjgggggggggggggjgjggggggggggggggggjgjgggggggggggjggggggggggggggggggggggggggggggjgggggggggggg,
jgggggggggggggggggggggggggjgjgggggggggggggjggggggggggggggggggggggggggggggggggggjgjgggggggjggggggggggggjggggggggjgjgjjggggggggggggjgjggggggggjggggggggjgggjggggggggggggjgjgggggggggjggggggggggggggggggggggggjggggggggggggggggggggjgggggggggggggggggggggggggggggggggggggggggjggggggggggggggjggggggggggggggggggggggggggggggggggggggggggggggggggggjgjggggggggggggggggggggjgjgjgjgggggggggggggggggggggggggggggggjggggggggggggggggggggggggggggggjggggggggjgjggggggggggggggggjgggggggggggggggggjgggjggggggggggjgggggggggggggg,
jgggggggggggggggggggggggjggggggggjgggggjgjgjggggggggggggggggggggggggggggggggggggggggggggjgggggggggggjggggjgggggggggggggggggggggjggggggggggggggjggggjgggggjgjgggggggggggggggggjggggjgjggggggggggggggggggggggggggggggggggggggggggggggggggggggggggjgggggggggjggggggggggggggggggggggggggggjggggggggggggggggggggggjggjgjgggggggggggggggggggjgggggggjgggggggggggggggggggggggggggggggggggggggggggggggggggggggjgjggggggggjgggggggggggggggggggjgjggggggggggggggggggggggggggggggjgggggggggggggggggggggggggjgjggggggggjgggggggggg,
jgjggggjgjgjgggggggggggggggggggggjgjggggggggggggggggggggjggggggggggggggggggggggggggggggggggggggggggggggggggggggggggggjgggggjgjgggggggggggjgggggggggggjgjgggggggjgggggggjgjgjgjggggggggggggggjgjjggggggggggggggggggggggggggggggjgggggggggggjjgjggjgggggggggggggggggggggggjgggggggggjgjjggggggggggjggggggggggjgjggggggggggggggggggggggggggggggggjgggggggggggggggjgggggggggggjjggggggggjggggggggggggggggjgjgggggggggggjgjggggggggggjgjgjggggggjgggggjggggggjgggggggggggggggggggjggggggggggggggggggggggggggggggggggjgggggg,
jgjgjggggggggggggggggggggggggggggggjggggjgjgjjgggggggggggggggggjgggggggggjgjjgjgggggggjgggggggggggggjggggggggjggjjggggggggggggggggggggjggggggggggggggggggggjggggggggggggggggggggggggggggggggggggggggggggggggggggggggggggggggggggjgjggggggggggggggggjggggggggggggggjgjggggggggggggggggjggggggggjgjgggggggggggggggggggggggggggggggggggggggggggggggggggggggggjgjgggggggggggggggggggggggggggggggggggggggggggggggggggggggggggggggggggggggggggggggggggggggjgggggggggggggggggggggggggggjgjggggggggggggggggggggjgggggggggggggg,
gjgggggggggggggggggggggggggggggjgjggggjggggggggggggjggggggggggggggggggggggggggggggggggjgjgggggggggggggggggjjggggggjggggggggggggggggggggggggggggggggjgjgggjggggggggggggggggggggggggggggggggggggggggggggggggggggggggggggggggggggggggjggggggggggggggjggjgjgggggggggggggggjggggggggggggggjgggggggggggggjgggggggggggjgjgjgggggjggggggggggggjjgggggggggggjgggggggggggggjggggggggggggjggggggggjgjggggggggggggggggggggggjgggggggjgggggggggggggggggggggggggggggggggggggggggggggggggjgggggggggjgggggjgggjgggggggjggjgggggggggggg,
gjgjgggjgjgjgggggjgggggggggjgjggggggggggggggggggggggggggggggggggggggggggggggggjgjggjgjgggggggggggggggggggggggggggggggggggjggggggggggggggggggggggggggggggggggggjjggjgjggggggggggggggggggggggggggjggggggggggggggggggggggggggggggggggggggggggggggggggggggggggggggggggggggggggggjgggggggggggggggggggggggggggggggggggggggjgjggggjgjgjgjgggggggggggggggggggggggggggjggggggggggggjggggggggggggggggjgggggggggggggggggggggggggggggjgjgjgggggggggjgggggggggggggjgjgggggggggggggggggggggggggggggggggggggggggggggggggggggggggggjgg,
gjggggggggggggggggggggggggggggggggggggggggjggggggggggggggggggggggggggggggggggggggggggggggggggggggjgggggggggggggggggggggggjggggggggggggggggggggggggggjgjgggggggggggggggggggjggggjgjgjggggggggggggggggggggjgggggggggggggggggjgjggggggggjjgggjgggggggggggggggggggggggggjgggggggjgggggggggggggggggggggggggggggggggggggggggggggjgggggggggjgggggggggggggggggjgggggggggggggggggggggggggggggggggggggggjgggggggggggggggggggggggggggggggggggggggjgjgggggggjgjgjjgjggggggggggggggggggjgjgggggggggggggggggggggjgggggggggggggjjgggg,
gjgggggggggggggggggggggggggjgggggjggggggggggggggggggggggggggggjgjggggggggggggggggggggggggggggggggggggggggggggggggggggggggjggjgjgjgjgggggggggggggggggggggggggggggggggggggggggggggggjgggggggggggggggggggggggggggggggggggggjgggggggggggggggggggggggggggjgggggggggggggjggggggggggggggggggggggjgjgggggggggggggggggggggggggggggggggggggggggggggggggggggjgjggjggggjggggggggggggggggggggggggjgjggggggggggggggggggggggggggggggggggggggggggggggggggggggggggggggggggggggggggggggggggggggggggggjgjgggggggggggggggggggggjgjgggggggg,
gjgjgggggggggggjgggjggjgggggggggggjgggggggggjggggggggggggggggggjgggggggggggggggggggggggggggggjggggggggggggggggggggggggggggggggggggggggggggggggggggggggggggggggggggggggggggggggggggggggjgjgggggggggjgggggggjjgggggggggggggggggggggggggggggggggggggggggggggggggggggjggggggjgggggggggggggggggggggggggggggggggggjggggggggggggggggggggggggjgggggjgggggggggggggggggggggggggggggggggggjgggggggggggjggjgjgjggggggggggggggggggggggjgggggggggggggggggggggggggggggggggggggggggjgggggjggggggggggggggggggggjgggggggggggggggggggjgjg,
gjggggggggggggggggggggggggggggggggggggggggggjgjggggggggggggggggjggjgggjgggggjgggggggggggggggggggggjggggggggggggggggggggggggggggggggggggggggggggggggggjgggggggggggggggggggggggjgjggggggggjgggggggggggggjjgggggggggggggggggggggggggggggggggjgjggggggggggggggggggggggggggjgjjggjgjgjgggggggggggggggggggggggggggggjgggggggggggggjgggggggggjjgjggggggggggggggggggggggggggggggggggggggggggggggggggjggggggggggggggggggjgggjgjgjgjgjggggggggggjgggggggggggggggjggggggggggggggjgjgggggggggggggggggggggggggggjgggggggggggggggggg,
gjgjgggjgjggggggggjggggggggggggggggggggggggggggggjggggggggggggggggggggggggjggggggggggggjgggggggggggggggggggggjgjgggggggggggggggggggggggggggggggggggggggggggggggggggjggggggggggggggggggjgjgggggggjgggggggggggggggggggggggggggggggggggggggggggggggggggggggggggggggggggjjgggggggggjgjgjggggggggggggggjgggggjgggggggggggggggggjggggggggggggggggggjgggggggggggjgjgggggggggggggggggjgjggggggggggggjggggjgggggggggggggggggggjgjggggggggggggggggggggggggggjgjgjgjggggggggggjgggggggggjgggggggggggggggggggggjgggggggggggggggggg,
gjggggggggggggggggggggggggjggjgjgjgjggjgjgjgggggggggggggggggjggjgjgjgggjgggggjgggjgjggggggggggggggggjggggggggggggggggggggggggggjggjggjggggggjggggggggggggggggggggggjgggggggggggjgjgjjggggggggggggggggggggggjggggggggggggggggggggggjgjggggggjggggggggggggggggggggjggggggggggggggggggggggggggggggggggggggggjggggggggggggggggggggggggggggggggggggggggggggggggggggjgggggggggjgjgggggggggggggggggggggggggggggggggggggggggjggjgjgggggggggggggggggggggggggggggggggggggggggggggggggggjggggggggggjggggggggjgggggggggggggggggggg,
gjggggggggggggggggggggggggggggggggggggggggggjgggggggggggggggggggjgggggggggggggggggggggggggggggggggggggggggggjgggggggggggggggggggggggggggjgjgggggjgggjgggggggggggjjgjgggggggggjgggggggggggjggggggggggggggggggggggggggggggggjgjggggggggggggggggggggggggggggggggggggjggggggggggggjgjgggggggggggggggggggggggggggggggggggjgjgjggggggggggggggggjgjggggggggjgggggggggggggggggggggggggggggggggggggggggggggggggggggggggggggggggjgggjgggggggggggjgjgjggggjgggggggggjggggggggggggggggggjggggggggggggggjgggggjgggggjggggjgjgjggggg,
gjggggjgjggggggggggggggggggggggggggggggggggggggggggggggggggggggggggggjgjggggggggggggggggggggggggggggggggggggggggggggggggggggggggggggggggggjggggggggggggggggggggggggggggggggggggjjgggggggjggggggggjgggggggggggggggggggggggggggggggggggggggggggggggggggggggggggggggggggggggggjggggggggggggjgjggggggggggggggggggggggggggjgggggggggggjgggggjgggggggggggggggjggggggggggggjgggggggggggggggggggggggggggggggjggggggggggggggggggggggggggggggggggggggggggggggggjggggggggggggggggggggggggggggggggggggggjggggggjggggggjggggggggggg,
gjgjgggggggjjggggggggggggggggggjgggggggggggggggggggggggggggjgggggggggggggggggjggggggggggggggggjggggggjgjgggggggggggggggggggggggggjggggggggggggggggggggggggjjgggggggggggggggggggggggggjgjggggggggggggggggggggggggggggggggggggggggggggggggggggggggggggggggggggggggggggggggggggggggggggggggggggjgggggggggggggggggggggggjgggjgjgjggggggggggggggggggggggggggggggggjggggggggggggjgjjgjgggjggggggggjggjgjgjggggggggggjgggggggggggggggggjgjgjgggggggggggggggggggggggggggggggjggggggggggggggggggggggggggjgggggggggggggjgggggggg,
gjgggggggggggggggggggggggggjggggggggggggggggggggggggggggggggggggggggggggggggggggjggggggggggggggggggjgggggjggggggggggggggggggggggggggggggggggggggggggggggggggggjggggggjggggggggggggggggggggggggggggggggggggggggjgggggggggggggggggjgggggggggggggggjgjggggggggggggggggggggjggjggggggggggggggjgjggggggggggggggggggggggggggggggggggggggggggjjgjgjgggggggggggggggggggggggggggggggggggggggggggjgggjgjgggjgggggggggjggggggggggggggggggggjggggjggggggggggggggggggggggggggggggggggggggggggggjggggggggggggggggggggggggggggggggggg,
gjjggggggjjgjgggggggggjgjgjgggggggggggggggggggggggggggggggggggggggggjggggjgggggggggggggggggggggggggjggggggggggggggjgjgggggggggggjggggggggggggggggggggggggggggggggggggggggggggggggggggggggggggggggggggggggggggggggjgjgjgjgggggggggjgggggggggggjggggggjggggggggggggggggggggggggggggggggggggggggggggggggggggggggggjgjgjjgjggjgggggggjgjgggggjggggggggggggggggggggggggggggggggggggjggggggggggggjggggggggggggggggggggggggggjggggggggggggggggggjgggggggggggjggggggggggggggjggggggggggggggggggggjggggggggggjggjgggggggggggggg,
gjgjggjggjggggggggggggggggggjgggjggggggggggggjjgggjgjgjgggggggggggggggggggggggggggggggggggggggggggggggggggggggggjggggggggggggggggjgggggggggggggggggggggggjgggggggggggggggjgjgggggggggggggggjgjggggggggjgjggggjgggggggggggggggggggggggggggggggggggjgggggggggggggggggggggggggggggggggggggggggjgggggggggggggggggggggggggggggggggggjggggggggggggggggggjggggggggggjjgjgggggggggggggggggggjgggjggggggggggggggggggggggggggggggggggggggggggggggjgjgggggggggjgjgjggggggggggggggggjggggjgjggggggggggggggggggggggggggggggggjggggg,
gjgggggggjgggggggggggjgggggggggjgjgggggggggggggggggggjggjggggggggggggjgggjggggggggggggggggjgggggggggggggggggggggjgggggggggggggggggjgjgggggggggggggggggggjgjggjggggggggggggggggggggggggggggggggggggggggggjgjggggggggjggggggggggjgggggggggggjgjggjgggggggggggggggggggggjgggggggggggggggggggggggggggggggggggggggggggggggggggggggggggggjgjggggggggggggggggggggggggggggggggggggggggggjggggjggggggjgjgjgjggggggggggggjggggggjgggjgjgjgggggggggjgjgjgggggggggggggggggggggggggggggggggggggggggggggggggggggggggggggggjggggggggg,
gjgggggggggggggggggggggjgjgjgjggggggggggggggggggggggggggggggggggjgggggggggjggggggggjgggggggggggggggggggggggggjgjggggggggggggggggggggggggggggggggggggggggggggggggggggggggggggggggggggggggggggggjgjgjgjgggggggggggggjgjggggggggggggggggggggggggggggggggggggggggggggggggggggggggggggggggggggggggggggggjggggggggggggggggjggggggggjgggggggggggggggggggjggggggggggggggggggggggggjgggggggggggggggggggggjgggggggggggggjgjgggggggggggjggggggggggggggggggggggggggggggggggggggggggggggggggggggggggjgggggggggggjgggggggggggggggggg,
gjgjggggggggggggggggggggggggggggggggggggggggggggggggggggggggggjggggggggggggggjggggggggggjggggjgggggggggjgjgggggjjgggggggggggggggjgjgjggggggggggggggggggggggggggggggggggggggggggggggggggggggggggggggjgjgjgggggggggggggggjggggggggggggggggggggggggjgggggjgggjjgjgggggggggggggggggjjggjgjgggggggggggggjgggggggggggggggggggggggggjgjgggggggggggjgggggggggggggggggjgjgjgjgggggggggggggjgggggggggggggggggggggggggggggggggggggggjgjggggggggggggggggggggggjggggggggggggggggggggggjggggggggggggggggggggggggggggjggggggggjgjgggg,
gjgjgjggggggggggggjggggggggggggggggjgjggjgjggggggggggggggggggggggggggggggggggggggggggggggggggggggggggggggjgggggggggggggggggggggggggggggggggggjgjgjgjggggggggggggggggggggggggggggggggggggggggggjgjgjgjgggggggggggggggggjgggggggggggggggggggggjgggggggggggjggggggggggggjggggggggjggggjgjggggggggggggggggggjjgggggggggggggggggggggggggggggggggggjgjgggggggggggggggggggjgggggggggjggggggggggggggggggggggjgjgggggggggggggggggggggggggggggggggjgggggggggjgjgggggggggggggggjggggggggggggggggggggggggggggggggggggggggggggggggj,
gjgggggggggggggggggggggggggggggggggggggggggggggggggggggggggggggggggggjjggggjgjgggggggjgggggggggggggggggggggggggggggggggggggggggjgjgggggjgjggggggggggggggggggggggggggggggggggggggggggggggggggggggggggggggggggggggjggjgjgjgjgggggggggggggggggggggggggggggggggggggjggggggggggggggggggggggggggggggggjggggggggggggggggggggggggggggjgggggggjgggggggggggggggggggjgggggggggggggjggggggggggggggggggggggggggggggggggggggggjggjgggggggjgjgjggggggjgjgjggggggggggggggjggggggggggggggjgggggggggjggggggggjgggggggggggggjgggggjgggjgj,
gjgjgjgggjggggggggggggggggggggggggggggggggggggjgjggggjgjgggggggjggggggggggggjgggggggggggggggggjgjggggggggggjgjjggggggjgggggggggjgggggggggggggggggggggggggggggggggjgggggggggggggggggggggggjgjgjggggggggggggggggggggggggggggggggggjgjggggggggggggggggggggggggggggggggggggggggggjjgggggggjgggggggggggggggjgjgjgjggggggggggggggggggjggggggggggggggggggggggggggggggggggggggjggggggggggggggggggggggggggjgggggjgggggggggggggggggggggggggggggggggggggggggggggggggggggggggjgjgjgjgjggggggggggjgggggggggggjgggjggggggggggggggggg,
gjgjgggggggggggggggggggggggggggggggggggggggggggggggggggggggggggggggggggggggggggggggggggggggggggggggggggggggggggggggggggggggggggggggggjgggggggggggggggjggggggggggggggggggggggggggggggggjgjgggggggggggggggggggggggggggggggggggggggggggggggggggggggggggggggggggggggggggggggggggggggggggjgggjgggggggggggggggggggjggjgjgggggjgggggggggggggggggggggjggggggggggggggggggggggggggggggggggggggggggggggggggggggggjggggggggggggggggggggggggggggggggjgggggggggggggggggggggggggggggggggggggggggggggggggggggggggggggggggggggggggggggg,
gjggggggggggggggggggggggggggjgjggggggggggggggggggggggjggggggggggjgjgggggggggggggggggjgggggggggggggggjgjgjggggggggggggggggggggggggggggjjgjggggggjggggggggggjgjggggggggggggjgggggggggggggggggggjgggggggggggjgggggggggggggggggggggggggggggggggggggggggggggggggggggggggggggggggggggggggjggggggggggggggggjggggggjgjgggggggggggjgjgjgggggggjgggggggggggggggggggggggggggggggggggggjggjgggggggggjggggggggggggggggggjgggggggggggggggggggggggggggggggggggggggggggggggggggggggggggggggggggggggjgggggggggggggggggggggggggggggggggg,
gjgggggggjggggggggggggjgjgggggggggggggjgggggjgjgggggggggjgjggggggggjggggjggggggggggggggggggggggggggggggggggjggggggggggggggggggggggggggggggggggggggggggggggggjggggggjgggggggggggggggggggjgggggggggjggggggggggggggggjggggggjgggggjgggggggggggggggggggggggggggggjggggggggggggggggggggjgggggggjgjgjgggggggggggjggggggggggggggggggggggggggggggggggggggggggggggggggggggggggggggggggggggggggggggggggggggggggggggggggggggggggggggggggggggggggggggggggggggggggggggjggggggggggggggggggggggggggggggggggggggggggggggjggggggggggggg,
gjgjjgjggggggggggggggggggggggjgggggggggggggggggggggggggggggggggggggjgggggggggggggggggggggggggggggjggggggggggggggggggggggggggggjggggjgggjggggggggggggggggggggggggggggggggggggggjjgggggggggggggggggggggggggggggggggggggggggggggggggggjggggggggggggggggggggggggggggggjgjggggggggggggggggggggggggggjggggggggjgggggggggggggggggggggggjgggggggggggggggggjggggggggggggggggggggggggggggggggggggggggjjgggggggjgggggggjgggggggggggggggggggggggggggggggggggggggggggjjgjgjgjgggggggggggggggggggggggjgggggggggggggggjgggggggggggggg,
gjgggggggggggggggjggggggggggggggggggggjgjgjggjggggggggggggggggggggjgggggggggggggggggjgjgggggggjgjgggggjggjggggggggggggggggggggggggjggggggggggggjgjggggggggggggggjggggggjgjgjgggggjggggjgggggggggggggjgggggggggggggjgjggggggggggggggggggggggggggggggggggggggggjgjggggggggjggggggggggggggggggggggggggggggggggggggggggggggggggggggggggggggggggggggggggggggggggggggggggggggggggggggggggggggjgggggggggjgggggggggjggggggggggggggggggggggggggggggggggggggggggggggggggggggggggggggggggggggjggggggggggggggggggggggggggggggggggg,
gggggggggggjgjggggggggggggggggggggggggggggggggggggggggggggggggggggggggggggggggggggggggjgggggggggggggggggggggggggggggggggggggggggggjgjggggggggggggggggggggggggggggggggggggggggggggggggggggggggggggggjgjgggggggggggggggggggggggggggggggggggggjggggggggggggggggggggggggggggggggggggggggggggjggggggggjggggggggggggggggggggggggggggggggjggggjgjgggggjgjggggjgggggggggggggggggggggggggggjggggggggggggggggggggggggggggggggggggjggggggggggggggggggggggggggggggjjgggggggggggggggjggjgggggggggggggggggjgjggggggggggggggjgjgggggg,
gggggggggggggggggggggggggggggggggggggggggggggggggggggggggggggjgggggggggggggggggjgggjgggggggggggggggggggggggggggggggggggjgggggggggggggggggggjgggggggggggggggggggggggggjgggjgggggggggggjgjgggggggggggggjgggggggggggggggggggggggggggggggggggggggggggggggggggggggggggggggjgjgjgggggggggggggggjgjggggggggggggggggggggggggggggggggggggggggggggggggggggggjggggggjgggjggggjgggggggggggggggggjgjggggggggggggggggggggggggggjgggggjgggjgggggggggggggggggggggggggggggggggggggggjgggggggggggjjggggggggggggggggggggggjjggggggggggggg,
ggggggggggggggggggggggggggjgjjggggggggggggjjgjgjgggggggggggggggggggggggggggggggjgjggggggggggggggggggggggggjgggggggggggggggggggggggggggggggggggggggggggggggggggggjgggggggggggggjjjgjggjgggggjgjgggggggggggggggggggjgggggggggjgggggggggggggggggggggjgggggggggggggggggggggggggggggggggggggggggggggggggggggggggggggggggggggggggggggggggggggggggjgjgggggggggggggjjgjgggggggggggggggggggggggggggggggggggggjgggggggggggggggggggggggggjgjggggggggggggggggggjgggggggjgjgggggggggggggggggggggggggggggggggggggggggggjgjgjgggggjgg,
gggggggggggggggggggggggggggggggggggggggggggggggjggggggggggggjggggggggggggggjgggggggggggggggggggggggggggggggggggggggggggggggggggggggggggggggggjgggggggggggggggggggggggjgjgggggggggggggggggggggggjgjgjggggggggggggjgggggggggggggggggggggggggggggggggggggjgggggjgjgggjgjggggggggggggggjgjgggggggggggggggggggggggggjjggggjggggggggggjggggjgjggggggggggggggggjgjggggggjggggggggggggjgggggggggggggggggggggggggggggggggggggggggggggggggggggggggggjggggggggggggggggggggggggggggggggggggggggggggggggggggggggjggggggggggggggjgjg,
ggggggggggggggggggggjgggggggggggggggggggggggggggggggggggggggggggggggjgggggjggggggggggjggggggggggggjgjggggggggggjggjjggggggggggggggggggggjgjgjgggggggggggggggggggggggggggggggggggggggggggggggggggggggggggggggggjgjgggggggggggggggggggggggjgggggggggggggggggggggggggggggggggggjgggjgggggggggggggjgggggggggggggggggjjgggggggggggggggggggggggggggggggggggggggggggggggggggggggggggggggggggjgjgjggggggggggggggggggggggggggggggggggggggggggjgjgjgggggggggjggggggggggggggjggjgjggggggggggggggggjgggggggggjgggggggggggggggggggg,
ggggggggggggggggggggggggjjgggggggggggggggjgggggggggggggggggggjggggggggggggggggggggggggggjgggjggggggggggggggggggggggggggjgjggggggggggggggggggggggggggggggggggggggjggggggggggjggggggggggggggjgggggggggjgggggggggggggggggjggjggggggggggggggggggggggggjgjgjggggggggggggggggggggggggggjggggggggggggggggggggggggggggggggggggjggggggggggggggggggggggggggggggggggggggggggggjggggggggggggggggggggjgjggggggggggggggggggggggggggggggggggggggggggggggjgggggggggggggggggggggggggggggggggggggggggggggggggggjgggggggggggggggggggjjggg,
ggggjggggggggggggggjgjgggjgggggggggjggggggggggggggggggggggggggggggjggggggggggggggjgggggggggggggggjgggggggjggjgjggggggggggggggggggggjgjgjggggggggjggggggggjgggggggggggggggggggggggggggggggggggggggjggggggggggggjgjgjjgjggggggggggggggggggggggggggggggggggjgggggggggggggjgjgggggggggggggggggggggggggggggggggggggjgggggggggggggggjggggggggggggjggggggggggggggggjgjggggggggjgggjgggggggjgggggggggggjggjggggjggggggggggggjggggggggggggggggggggggggjggggggggggggggggjggggggjggggggjgjgjggggggggggggggggggggggggggggggggggggg,
gggggjggggggggggggggggggggggggjggjjggggggggggggggggggggggggggggggggggggggggggggggggggggggjggggggggggggggggggggggggggggjgjgggggggggggggggggggggggggggggggggggggggjggggggjgggggggggggggggggggggggjggjjggggggggjgggggggjggggjgggggggggjgggggggjgjgggggggggggggggggggggggggggggggggggggggggggggggggggggggggggggggggggggggggggggjgjggggggggggggggggggggggggjgggggggggggggggggggggggggggggggggjgjggggggggggggggggggjgjgggggggggggggggjggggggggggggggjgggggggggggggggggggggggggggggggggggggggggggggggjggggggggggggggggggggggg,
ggggggggggggggggggjggggggggggggggggggjggggjggggggggggggggggggjgjgjgjjggjjggggggggggggggggggggjgjgggggggggggggggggggggggggggggggggggggggggggggggggggggggggggggggggggggggggggggjgjggggggggggggggggggggggggggggggjgjgggggggggggggggggggggggjgjgjggggjgggggjgjgggggjggggggggggggjgjgggggggggjggggggggggggjgggggjggggggggggggggggggggggggggggggggggggggggggggggggggggggggggggggggggggggggggggggggggggggggggggggggggjggggggjggggggggggggggggggggggggjggggggggggggggggjgggggggggjgjggggjggggggggggggggggggggggggggggjggggjggg,
ggggggggggggggggggggggggjjgggggggggggggggggggggjggjgjgjgjggggggggggggggggggggggggggggggggggggggggggggggggjjgggggjgggggggggggggggggggggggggggggggggggggggggggggggggggggggggggggggggggggjjggggjgggggggggggggggggggggggggggggggggjggggggggjgggggggggggggggggjgjgggggggggggggggggggjgggggjgjgjggggggggggggggggggggggjgggggggjgggggggjjgggggggggggggggggggggggggggggggggggggggggggggggggggggggggggggggggggggggggjjggggggggggggggggggggggggggggggggggggggggggggjgggggggggggggggggjggjggggggggggggggggggggggggggggggggggggggg,
gggggggggggggggggggjggggggggggggggggggggjgjggggggggggggggggggggjgjjggggggggggggjggggggggggjggggggggggggggjggggggggggggggjgjgjgjgjgjgjgjggggggjgjggggggjgggggggjgggggggggggjggggggjgjggggggggggggggggggggggggggggggggggggggggggjgjgjgjggggggggggggggggggggggggggggggggjgjgjgggggggggggggggggggggggggggggggggggggggggggggggggggggjgggggjggjggjgggggggggggggggggggggggggggggggggggggggggjggggggggggggggggggggggggggggggjgjgjgggggggggjggggggggggggggjggggggggggggggggggggggjgjgggjgjggjgjgjgjgggggggjggggggggggjgjggggggg,
gggggggggggggggjggggggjgggggggggggggggggjgggggggggggggggjggggjggggggggggggggggggggggggggggggggggggggggggggjggggggggggggggggggggggggggggggjgggggggggggggggggggggggggggggjggggggggggggggggggggggggggggggggggggggggggggggggggggggggggggggggggggggggggggjggggggggggggggggggggggjggggggggggggggggggggggjgggggjggggggggggggggggjggjgjggggggggggggggggggggggggggggggggggggggggggggggggggggggggggggjjgggggggggggggggggggggggjgggggjggggggggggggggggggggggggggggggggggggjggggggggggggggggggggggggggggggggggggggggggggggggggggjg,
ggggggggggjggggggggggggggggggggggggjggggggggggggggggggggggggggggggggggggggggggggggggggggggjjgggggggggggggjgjgggjggggggjgjggggggggggggggggggggjgggggjgjgjggjgggggggggggggggggggggjggjggggggggggggggggggggggggggggggggggggggggggjgjgggggggggggggggggggggggggggggggggggggggjggjggggggggggggggggjggggggjggjgggjgjgggggggggggggggggggggggggggggggggggggggggggggggggggggggggggggggggggggggggggggggggggggggggggggggggjggggggggggggggggggggggggggggggggggggggggggggggggggggjgjgggggggggggggggggggggggggggggggggggggggggggggggg,
ggggggggggggggggjgggjgggggggggggggggggjggggggggggjgjgggggggggggggggggggggggggggjgggggggggggggggggggjgggjggggjggggggggggggggggggggggggggggggggggggggggggggjgjggggggggggggggggggggggggggggggggjgggggggggggggggjggggggggggggggggggggggggjggggggggggggggggggjgggggggjgggggggjgjgggggggggggggggggggggggggggggjggggggggggggggggggggggggggggggggjgjggggggggggggggggggggggggjgggggggjggggggggggggggjgggjgjggggggggggjggggggggggggggggjgjgggggggggjggggggggggjggggggggggggggggggggggggggggggggggggggggjggggjggggggggggggggggjgg,
gggggggjggggggggjggggggggggjgggggggjgggggggggggggjgggggggggggggggggggggggggggggggggggggggggggjggggggggggggggggggggggggggggjgjgggggjgggggjgggggggggggggggggggggggggggjgjgjgggjggggggggjgggggggggggggggggggggggggggggjggggggggggggggggggggggggggggggggggggggggggggjggjggggggggggggggggjggggggggjgggggggggggggggggggggggggggggggggggggggggggggggggggggjggggggggggggjgggggggggggggggggjgjggggggggggggggggggggggggggggggggggggggggggggggggggggggjgggggggggggggggggggjgggggggggggggggggggggggggggggggggggggggggjggggggggjgjg,
ggggggggggggggggggggggggggggggggggggggggggggggggjggggggggggggggggggggggggggggggggjgjgggggggggggggggggggggggggggggggggggggggjggggggggggggggggggggggggggggggggggggggggggggggggggggggjgjggjggggggggggggggggggggggjggggggggggjgjgjgggggggggggggggggjggggggggggggjgggggggggggjgggggggggggggggggggggggggggggjgjggggggggggggggggggggggggjggjgjggjgjgjgjgggjgggggggggggggggggggggggggggggggggggggjgjgggggggggggggggggggjjggggggggggggjgjggggggggggggggggggggjggggggggggggggggggjgggjggggggggggggggggggggggjggggggggggggggggjgg,
ggggggggggggggggggggggggggggggjggggggggjgggggggggggggggggggggggggggggggjgjggggggggggggjggggggggggggggggjgggggggggggggjggggggggggggggggggggggggggggjggggggggjgggggggggggggggggggggggggggggggggggggggggjgjgjgggggggggggggggjgggggggggggggggggjggggggggggggggggggggggggggggggggggggggggggggggggggggggggggggggggggggggggggggggggggggggggggggggggggggggggggggggggggggggggggggggggggggggggggggggggggggggjgggggggggggggggggggggjgggggggggggggggggggjgggggjgjgggggggggggggggggggggggggggggggggggggggjgjjgggggggggggggggggggggg,
gggggggggggggggggggggggggggggggjggggggggggggggggggggggggggggggggggggggggggggggggggggggggggggggjgjjgggggjgjgggjggggggggggggjgjggjgggggggggggggjggggggggggggggjggggggggggggjgggggggggggggggggggggggggggggggggggggjggggggggggggggggggggggggggggjggggjgjgggggggggggggjgggggggggggggggggggggggggggggggggggggggggggggggggggggggjgggggggggggggggggggggjgggggjgggggggggjgggggggggggggggggggggggggggggggggggggggggggggggggggggggggggggggggggggggggjgggggggggggggggggggggggggggggjgjgggjjgjgggjjgggggggggjgggggjgjgggggggggggggg,
ggggggggggggggggggggggggggggggggggggggggggjggjgjgjgjggggggggggggggggggggggggggggggggggggggggggggggjgjgjggggggggggggjggggggggggggggjgjgjgggggggggggggggggggggggjggggggggggggggjgggggggggjgjgjgggggggggggggjggggggggggggggggggjgjgggggggggggggggjgggggggggggggjgjgjgggggggggggggggggggggggggggjggggggggggggggggggggggggggggggggggjggggggggggggggggggggggjggjggggggggggggggggggggggggggggggjgggggggggggggggggggggggggggggggggggggggggggggggggggggggggggggggggggggggggggggggggggggggggggggjgggggggggggggggjggggggggggggggg,
gggggggggggggggjggggggggjgjgjgjggggggggggggggggggggggggggjgjggggggggggggggggggjggjggggjgjgggggggggggggggggggggggggggggggggggggggggggggggggggggggggggjggggggggggggggggjgggggggggjgggggggggggggjgggggggggjggggjggjggggjgggggggggggggggggggggggggggggggggggggggggggggggggggggggggggggggggggggggggggggggggggggggjgjgggjgggggggggggggggggggggggggjggggggggggggggggggggggggggggggggggggjgjggggggggjgjggggggggggggggggggggggggggggggggggggggggggggggjgjgjgjgggggggggggggggggggggggggggggggggggjgjggggggggggggggggggggggjggggg,
ggggggggggggggggggggggggggggggggggggggggggggggggggggggggggggggggggggggjgjggggggggggggggggggggggggggggggggggggggggjgjgjgjgjgggggggggggggggggggggggggggggggjgjggggggggggjggjgggggggggggggggggggggggjgggggjggggggggggggggggggggggggggjgggggggggggggggggggggggggggggggggggggggggggjjgggggggggggggjgggggggjgggggggggggggggggggggjggggggggjgggggggggggggggggggjgjgjgjggggggjgggggggjjgjjgggggggggggggggggggggggggjgggggggggggggjggggggggggggjggjggggjgjgjggggggjggggggggggggggjggggggggggjggggggggggggggggggggggggggggjgjgjg,
ggggggggggggggggggggggggjgjgjgjgjgjgjgggggggggggjgggggggggjggggggggggggggggggggggggggggggggggggggggggggggggggggggggggjgggggggggggggggggggggjgggggjgjggjggggggggggggggggggggggggjgggggggggggggggggggggggggggjggggggggggggggggggggggggggggggggggggggggggggggggjggggggggggjgjggggggggjgjgggggggggggggggjggggggggggggjgggggggggggggggggjgggggggggjgggggggggggggggggjgggggggggggggggjgggjggggggggggggggjggjggggggggggggggggggggggggggggjgggggggggggggggggggjgggggggjgjgjgjgjgggggggggggjggggggggggggggggggggggggggggggggggg,
ggggggggggggggggggjgggggjggggggggggggggggjjggggggggggggggggjggggggggggggggggggggjggggggggggggggggggggggggggggggggggggggggggjggggggggggggggggggggggggggggjgjgjgggggggggggjgjgjgjggggggggggggggggggggggggggggggggggggjggggggggggggggggjggggggjgjgggggggggggjggggggggggggggjgggggggggggjggggggggggggggggggggggggggggggggggggggggggggggggggggggggggggggggggggggggggggggggggjjggjgggjggggggggggggggggggggggggggggggggggggjgjggggggggggggggggggjgjgggggggjjgggggggggggggggggggggggggjgggggggggggggggjgjggggggggggggggggggggg,
gggjgjgjggggggggggggggggggggggjggggggggggggggggggggggggggggggggggggggggggjgggggggggggggggggggggggggggggggggggggggggggggggggggggggggggggggjjgjgjgjgjgggggggggggggggggggggggggggggggggggggggggggggggjgjgjgggggggggggggggggggggggggggggggggggggggggggggggggggggjgjggggggjggggggggggggggjgjggggggggggggggggggggjggggggggjggggjgjgjggggggggggggggggggggggjgjgggggggggjgjgggggggggggggggggggggggggggggggggjggggggggggggggggggggggggggggggggggggggggggggggggggggjgggggjgggggggggggggggggggggggggggggggggggggggggggggggggggggg,
gggjgggggjggggggggggggjgggggggggggggggggggggggggggggggggggggggggggggggggggggggggggggggggjgjggggggggggggggggggggggggggjggggjggggggggggggggggggjgggggggggggggggggggggggjgjggggggggggggggggggggjjgggggggjgggggggggggggggjgjgggggggggggggggggggggggggggggggggggggggggggggggjgjjggggggggggggggggggggjgggggggjggggggggggggggggggggggggggggggggggjgggggggggggggggggggggjgjgjgjgggggggggggggggggggggggggggggggggggjgjgggggggggggggggggggggggggjgggggggggggggggggggggggggjgggggggggggggggggjggggggggggggggggggggggjgjgggggggggj